id,lat,lon,user,uid,version,changeset,timestamp
26450261,32.9899608,-97.0022662,Stephen214,4018842,5,49487707,2017-06-13T05:21:47Z
73835396,32.912757,-96.208152,woodpeck_fixbot,147510,2,2889290,2009-10-18T22:17:24Z
73925405,32.925392,-96.175446,woodpeck_fixbot,147510,2,3087024,2009-11-11T01:44:34Z
74046124,33.168455,-96.265454,woodpeck_fixbot,147510,2,2810546,2009-10-11T08:36:43Z
74149752,33.348833,-96.290034,woodpeck_fixbot,147510,2,2810546,2009-10-11T08:52:17Z
81566708,32.546298,-96.689504,woodpeck_fixbot,147510,2,3420087,2009-12-21T13:22:34Z
81596018,32.9214475,-96.9158438,woodpeck_fixbot,147510,3,3420087,2009-12-21T13:23:37Z
81625522,32.607537,-96.698332,woodpeck_fixbot,147510,2,2554686,2009-09-21T08:38:47Z
81639369,33.145977,-97.34786,woodpeck_fixbot,147510,2,3094536,2009-11-11T23:01:20Z
81651957,32.9901307,-96.9432589,Mara,145781,4,7125644,2011-01-29T18:44:17Z
81664653,32.851684,-96.620235,woodpeck_fixbot,147510,2,2554686,2009-09-21T08:41:54Z
81677176,33.244812,-97.310606,woodpeck_fixbot,147510,2,2708036,2009-10-02T04:44:06Z
81689793,32.86513,-96.937131,Mara,145781,3,4919142,2010-06-06T15:55:04Z
81702814,33.10747,-97.2925818,DavidJDBA,139555,3,6471189,2010-11-27T17:05:33Z
81715396,33.003811,-96.994472,woodpeck_fixbot,147510,3,2708036,2009-10-02T04:47:27Z
81728274,33.337192,-96.945617,woodpeck_fixbot,147510,2,3336966,2009-12-09T21:23:30Z
81741284,33.061346,-97.331125,woodpeck_fixbot,147510,2,3094536,2009-11-11T23:09:25Z
81753424,32.760807,-96.574525,woodpeck_fixbot,147510,2,3094801,2009-11-12T00:07:44Z
81765805,33.10998,-97.05205,woodpeck_fixbot,147510,2,3336966,2009-12-09T21:37:27Z
81778429,32.625138,-96.899359,woodpeck_fixbot,147510,2,3346651,2009-12-11T05:31:05Z
81791522,33.045231,-97.096435,woodpeck_fixbot,147510,2,3336966,2009-12-09T21:50:36Z
81803882,33.046213,-97.00927,woodpeck_fixbot,147510,2,3336966,2009-12-09T21:56:24Z
81815829,32.948562,-96.70866,woodpeck_fixbot,147510,2,3094801,2009-11-12T00:13:46Z
81828019,33.05015,-97.02883,woodpeck_fixbot,147510,2,2934468,2009-10-24T05:21:05Z
81840437,33.1176016,-97.0215193,Mara,145781,3,10733557,2012-02-19T19:28:16Z
81852094,33.064638,-96.849261,woodpeck_fixbot,147510,2,3336966,2009-12-09T22:19:14Z
81863943,32.663041,-96.801051,woodpeck_fixbot,147510,2,3346651,2009-12-11T05:51:21Z
81875636,32.577399,-96.927476,woodpeck_fixbot,147510,2,2554686,2009-09-21T08:59:17Z
81887451,32.887861,-96.745545,woodpeck_fixbot,147510,2,3346651,2009-12-11T05:57:42Z
81900040,32.747042,-96.599356,woodpeck_fixbot,147510,2,3346651,2009-12-11T06:00:56Z
81912910,32.720772,-96.76866,woodpeck_fixbot,147510,2,3346651,2009-12-11T06:04:14Z
81924512,33.01608,-96.86986,woodpeck_fixbot,147510,2,3337712,2009-12-09T22:44:58Z
81936651,32.626472,-96.917797,woodpeck_fixbot,147510,2,3346753,2009-12-11T05:46:57Z
81948171,33.0603356,-96.8468741,Stephen214,4018842,3,43455111,2016-11-07T01:15:04Z
81959459,32.807152,-96.704298,woodpeck_fixbot,147510,2,3346753,2009-12-11T05:53:31Z
81971670,33.031028,-97.091494,woodpeck_fixbot,147510,2,3337712,2009-12-09T23:02:57Z
81983295,32.918968,-96.578407,woodpeck_fixbot,147510,2,2554686,2009-09-21T09:11:22Z
81994403,32.871008,-96.725254,woodpeck_fixbot,147510,2,3094801,2009-11-12T00:31:51Z
82006148,33.101307,-97.241911,woodpeck_fixbot,147510,2,3094536,2009-11-11T23:50:55Z
82017869,32.268727,-96.561694,woodpeck_fixbot,147510,2,2672104,2009-09-29T02:27:18Z
82029483,32.361986,-96.890114,woodpeck_fixbot,147510,2,2672104,2009-09-29T02:29:31Z
82040496,32.424996,-96.862249,woodpeck_fixbot,147510,2,2672104,2009-09-29T02:31:40Z
82051912,32.397499,-96.605348,woodpeck_fixbot,147510,2,2672104,2009-09-29T02:34:20Z
82063358,32.8423952,-96.7417064,afdreher,1110270,4,44377809,2016-12-13T17:37:46Z
82074367,32.553525,-96.542729,woodpeck_fixbot,147510,2,2934558,2009-10-24T06:22:14Z
82085744,32.91855,-96.74464,woodpeck_fixbot,147510,2,2934558,2009-10-24T06:23:26Z
82097048,32.540483,-96.976804,woodpeck_fixbot,147510,2,2672104,2009-09-29T02:43:03Z
82108365,32.862245,-96.701518,woodpeck_fixbot,147510,2,3346807,2009-12-11T06:10:47Z
82119470,32.9361424,-96.5270044,gregcrago,2063187,3,36135762,2015-12-23T22:19:42Z
82131093,32.646828,-96.705885,woodpeck_fixbot,147510,2,3346807,2009-12-11T06:18:35Z
82142327,32.459502,-96.975205,woodpeck_fixbot,147510,2,2230268,2009-08-22T05:57:16Z
82154098,32.334128,-96.625055,woodpeck_fixbot,147510,2,2672104,2009-09-29T02:54:43Z
82165209,32.849373,-96.975743,woodpeck_fixbot,147510,2,3346807,2009-12-11T06:30:12Z
82176285,32.971255,-96.885505,woodpeck_fixbot,147510,2,3346807,2009-12-11T06:33:30Z
82187799,32.359372,-96.625516,woodpeck_fixbot,147510,2,2230268,2009-08-22T06:04:02Z
82199217,32.8091672,-96.6538103,woodpeck_fixbot,147510,4,3094801,2009-11-12T00:55:48Z
82210694,32.937585,-96.718572,woodpeck_fixbot,147510,3,3346807,2009-12-11T06:43:09Z
82221983,32.478637,-96.553396,woodpeck_fixbot,147510,2,2230268,2009-08-22T06:07:59Z
82233453,32.9816538,-96.856289,Stephen214,4018842,3,39959952,2016-06-11T20:21:06Z
82244657,32.9479945,-96.855678,Stephen214,4018842,3,43259504,2016-10-29T04:45:31Z
82259305,32.512708,-97.580588,woodpeck_fixbot,147510,2,3172769,2009-11-20T23:59:06Z
82275732,32.42225,-97.33092,woodpeck_fixbot,147510,2,3172769,2009-11-21T00:02:32Z
82291670,32.1809,-97.475885,woodpeck_fixbot,147510,2,2187236,2009-08-18T10:13:26Z
82306702,32.491532,-97.23022,woodpeck_fixbot,147510,2,3172769,2009-11-21T00:11:50Z
82320873,32.190485,-97.481824,woodpeck_fixbot,147510,2,3172769,2009-11-21T00:16:11Z
82334974,32.7230863,-97.7812624,woodpeck_fixbot,147510,3,3369003,2009-12-14T03:21:36Z
82348194,32.346198,-97.378192,woodpeck_fixbot,147510,2,3172769,2009-11-21T00:26:00Z
82362150,33.311689,-97.672285,woodpeck_fixbot,147510,2,2845779,2009-10-14T14:42:57Z
82377282,32.896321,-97.33029,NE2,207745,3,7459922,2011-03-05T03:59:02Z
82392529,32.690043,-97.539988,woodpeck_fixbot,147510,2,3564140,2010-01-07T18:31:47Z
82408147,32.9006489,-97.1737688,woodpeck_fixbot,147510,3,3535930,2010-01-04T10:48:51Z
82424315,32.744116,-97.303074,woodpeck_fixbot,147510,3,3564140,2010-01-07T18:45:51Z
82437477,33.284419,-97.665555,woodpeck_fixbot,147510,2,3536655,2010-01-04T12:23:15Z
82450857,32.940754,-97.10526,woodpeck_fixbot,147510,2,3225776,2009-11-27T07:00:04Z
82466175,32.6173112,-97.1004779,RoadGeek_MD99,475877,3,25518519,2014-09-18T11:31:21Z
82481791,32.935274,-97.125552,woodpeck_fixbot,147510,2,3225776,2009-11-27T07:04:06Z
82498322,32.667577,-97.180014,woodpeck_fixbot,147510,2,3535955,2010-01-04T11:01:56Z
82514868,32.779693,-97.072674,woodpeck_fixbot,147510,2,3225776,2009-11-27T07:08:31Z
82528840,32.708799,-97.121214,woodpeck_fixbot,147510,3,3225776,2009-11-27T07:10:40Z
82547332,32.671684,-97.443853,woodpeck_fixbot,147510,2,3535955,2010-01-04T11:31:29Z
82571181,32.7203522,-97.1396749,bobwmson,584136,3,10440647,2012-01-19T20:15:09Z
82588115,32.8972873,-97.2139919,rickmastfan67,252811,4,20987974,2014-03-08T14:29:03Z
82610669,32.873359,-97.15858,woodpeck_fixbot,147510,2,3536198,2010-01-04T11:29:39Z
82627240,32.697654,-97.083947,woodpeck_fixbot,147510,2,3536198,2010-01-04T11:41:29Z
82646076,32.671923,-97.180107,woodpeck_fixbot,147510,2,3225776,2009-11-27T07:20:18Z
82661239,32.761135,-97.320956,woodpeck_fixbot,147510,2,3536198,2010-01-04T12:03:31Z
82678152,32.724876,-97.424796,woodpeck_fixbot,147510,2,3564140,2010-01-07T19:21:59Z
82694011,32.576818,-97.192948,woodpeck_fixbot,147510,2,3564140,2010-01-07T19:30:06Z
82710722,32.695843,-97.069608,woodpeck_fixbot,147510,2,3536357,2010-01-04T11:57:52Z
82727194,32.590128,-97.240931,woodpeck_fixbot,147510,2,3536357,2010-01-04T12:04:23Z
82741774,32.557966,-97.0736944,abel801,2377377,3,31871798,2015-06-10T14:24:58Z
82759378,32.5852543,-97.0403008,AgentBlue,2425490,4,33498852,2015-08-22T05:37:53Z
82775860,32.641947,-97.170712,woodpeck_fixbot,147510,2,3536563,2010-01-04T12:11:31Z
82789238,32.711771,-97.444198,woodpeck_fixbot,147510,2,3536563,2010-01-04T12:18:17Z
150061601,33.105328,-96.584026,woodpeck_fixbot,147510,2,3024090,2009-11-03T12:05:21Z
150087421,33.076763,-96.8079369,Saikrishna,586822,3,22943419,2014-06-15T12:37:27Z
150108158,33.003556,-96.804045,woodpeck_fixbot,147510,2,3024090,2009-11-03T12:10:27Z
150129468,33.0109694,-96.6427606,ZargonGod,554333,3,14689322,2013-01-17T21:13:07Z
150152206,33.330022,-96.58154,woodpeck_fixbot,147510,2,3426186,2009-12-22T11:28:57Z
150175742,33.0880016,-96.8204736,BigIrv,160087,3,13641341,2012-10-26T18:07:28Z
150198954,33.023705,-96.821335,woodpeck_fixbot,147510,2,3110812,2009-11-14T07:01:29Z
150222103,33.0366696,-96.8112039,Saikrishna,586822,3,16562235,2013-06-15T12:11:19Z
150245259,32.991994,-96.719955,woodpeck_fixbot,147510,2,3426186,2009-12-22T11:44:48Z
150272351,33.025754,-96.825519,woodpeck_fixbot,147510,2,3426186,2009-12-22T11:49:03Z
150307675,33.0211279,-96.624743,ToffeHoff,7203,3,6908064,2011-01-08T19:54:26Z
150344781,33.0738915,-96.6529804,johnprichard,446748,3,8004367,2011-04-29T15:21:41Z
150375673,33.0728148,-96.6636609,Mara,145781,4,10905626,2012-03-08T01:56:12Z
150400450,33.041534,-96.832945,woodpeck_fixbot,147510,2,3426186,2009-12-22T12:09:51Z
152379577,32.894295,-96.340619,woodpeck_fixbot,147510,2,2952841,2009-10-26T01:14:18Z
152415644,32.980583,-96.329738,woodpeck_fixbot,147510,2,2952841,2009-10-26T01:25:43Z
224155492,33.397077,-96.308302,woodpeck_fixbot,147510,2,2962214,2009-10-27T02:08:11Z
225424455,32.48077,-97.786994,woodpeck_fixbot,147510,2,2532224,2009-09-19T10:36:51Z
225546550,32.422431,-97.626141,woodpeck_fixbot,147510,2,2358187,2009-09-03T11:38:10Z
225645613,32.397191,-97.745895,woodpeck_fixbot,147510,2,2358187,2009-09-03T11:45:12Z
225970122,32.582025,-96.22202,woodpeck_fixbot,147510,2,2453305,2009-09-12T03:30:56Z
226029723,32.759942,-96.187285,woodpeck_fixbot,147510,2,2453305,2009-09-12T03:38:03Z
226097071,32.380867,-96.409965,woodpeck_fixbot,147510,2,2195475,2009-08-18T22:26:59Z
226172940,32.569116,-96.147542,woodpeck_fixbot,147510,2,2453305,2009-09-12T03:52:13Z
226241556,32.53129,-96.433277,woodpeck_fixbot,147510,2,2453305,2009-09-12T03:59:25Z
226307550,32.550808,-96.427589,woodpeck_fixbot,147510,2,2453305,2009-09-12T04:06:47Z
226366047,32.814331,-96.130858,woodpeck_fixbot,147510,2,2453305,2009-09-12T04:14:44Z
228407928,32.254531,-97.709938,woodpeck_fixbot,147510,2,2561148,2009-09-21T19:59:32Z
228531344,32.294624,-97.687329,woodpeck_fixbot,147510,2,2561148,2009-09-21T20:29:24Z
235664054,32.203305,-96.464103,woodpeck_fixbot,147510,2,2853919,2009-10-15T13:06:08Z
277594029,32.9014555,-97.0412517,dwh1985,3176959,2,43304436,2016-10-31T13:46:54Z
285992074,32.5838706,-97.0361559,brianboru,9065,1,121509,2008-08-07T19:44:01Z
305921821,32.7157271,-97.3947248,brianboru,9065,1,461422,2008-10-20T12:35:37Z
309756275,33.0412567,-97.2873516,brianboru,9065,4,668061,2008-11-03T21:49:44Z
313967918,32.8077164,-97.1376315,brianboru,9065,6,783677,2008-11-23T18:02:09Z
322391638,32.9383288,-96.9548545,ToddDTaft,87586,1,646686,2008-12-28T04:22:32Z
343694736,32.7875519,-96.8055256,brianboru,9065,1,298103,2009-02-09T16:28:05Z
356844388,32.7328862,-97.0491376,AgentBlue,2425490,2,26419601,2014-10-29T19:05:41Z
375789073,32.4375,-97.751072,Chris Lawrence,36121,1,515466,2009-04-14T15:31:11Z
377119207,33.004952,-97.342067,Chris Lawrence,36121,1,558806,2009-04-15T23:25:15Z
377336762,32.780833,-97.732229,Chris Lawrence,36121,1,572013,2009-04-16T01:45:29Z
377511418,32.723664,-96.587913,Chris Lawrence,36121,1,572013,2009-04-16T03:17:50Z
377559334,32.380338,-96.944272,Chris Lawrence,36121,1,572800,2009-04-16T04:44:44Z
378007924,33.106824,-97.030022,Chris Lawrence,36121,1,580181,2009-04-16T14:37:54Z
378582059,33.20913,-97.775146,Chris Lawrence,36121,1,596528,2009-04-17T02:14:15Z
451514410,33.2326314,-97.5961882,25or6to4,37392,1,1980779,2009-07-30T04:11:50Z
505061404,33.0613704,-97.0527292,Stephen214,4018842,2,43793144,2016-11-19T08:15:55Z
601041936,32.8572791,-97.3259079,hopfavogl,105454,2,24536601,2014-08-04T14:18:52Z
653013046,32.8059652,-96.5788384,andrewpmk,1679,1,3968455,2010-02-25T02:03:16Z
768915139,32.8613091,-96.8092095,Thad Guidry,301814,1,4958407,2010-06-10T21:51:42Z
838825954,32.9280973,-97.6150528,blakelylaw,362445,2,31410756,2015-05-24T02:55:08Z
1079629820,33.2029123,-96.7443163,Jcurran,1226539,2,17353175,2013-08-14T23:38:54Z
1113287637,32.744556,-97.4355184,Andrew Matheny_import,4904442,3,49532235,2017-06-14T14:52:18Z
1136720428,33.1558599,-96.8363564,cbatman,26509,1,7188878,2011-02-05T00:59:39Z
1224759108,32.766614,-97.6945867,adamos,25867,2,25827874,2014-10-03T10:01:51Z
1272085402,32.6539238,-97.0359226,Zartbitter,40397,1,8049641,2011-05-04T14:44:26Z
1327825344,32.5925729,-97.063007,chdr,165869,1,8458961,2011-06-16T19:03:32Z
1349338444,33.1921279,-97.1113531,Latze,2318,1,8630967,2011-07-04T16:19:02Z
1411734049,32.8781842,-96.9607893,Dranuhl,330630,1,9117697,2011-08-25T00:38:06Z
1443604986,33.2846736,-97.156423,Philip Neustrom,521824,1,9380422,2011-09-23T22:14:06Z
1508850244,33.4307244,-97.1303157,WernerP,315015,1,9875835,2011-11-19T18:31:50Z
1522680179,32.9593795,-96.9117067,homeslice60148,365944,1,9984575,2011-11-29T05:20:43Z
1557378424,33.3913545,-97.0022481,WernerP,315015,1,10174142,2011-12-21T18:32:34Z
1598479812,32.8823325,-96.7625758,jazztunes,581419,1,10443358,2012-01-20T06:12:27Z
1647513913,32.5515163,-96.9892153,Mara,145781,1,10791734,2012-02-25T20:22:13Z
1675455400,32.9243271,-97.0818362,KristenK,1494110,2,32555977,2015-07-11T00:06:16Z
1719992879,32.795037,-97.7030972,25or6to4,37392,1,11328537,2012-04-17T01:40:30Z
1721184241,32.311339,-96.6795721,25or6to4,37392,1,11338523,2012-04-17T22:00:26Z
1756997262,32.8428674,-96.476832,Zartbitter,40397,1,11630424,2012-05-18T08:48:38Z
1776292562,32.9636434,-96.4251726,TexasNHD,672878,1,11799194,2012-06-04T18:17:50Z
1782975723,32.6562659,-96.6842789,TexasNHD,672878,1,11858551,2012-06-10T19:54:14Z
1785397146,33.2048585,-97.0337578,TexasNHD,672878,1,11880004,2012-06-12T22:27:14Z
1785433086,33.1199908,-97.2925211,TexasNHD,672878,1,11880275,2012-06-12T23:18:28Z
1785586158,32.4242517,-96.184372,TexasNHD,672878,1,11881033,2012-06-13T04:25:52Z
1786414214,32.7862608,-97.2064515,TexasNHD,672878,1,11888033,2012-06-13T18:48:55Z
1811827709,33.1863973,-96.6724439,chdr,165869,1,12104894,2012-07-03T21:26:45Z
1844698186,32.6375513,-96.6480162,TexasNHD,672878,1,12555255,2012-07-30T23:28:29Z
1844716083,32.1889855,-96.1652857,TexasNHD,672878,1,12555346,2012-07-30T23:48:12Z
1878577429,32.4119769,-97.7651238,TexasNHD,672878,1,12827066,2012-08-22T23:18:02Z
1881881705,33.0156135,-97.7476521,FrozenFlame22,719784,1,12851219,2012-08-25T02:20:41Z
1932792323,32.800452,-97.221199,NE2,207745,1,13251742,2012-09-25T20:03:06Z
2023875821,33.1506756,-96.8291455,scottyc,496606,1,13951570,2012-11-20T22:19:40Z
2073134834,33.1213875,-96.6059585,ZargonGod,554333,1,14320393,2012-12-18T16:26:42Z
2089100024,33.1542053,-97.09397,chdr,165869,1,14469844,2012-12-30T20:57:54Z
2123178525,32.3810125,-97.3983263,bfg9000d,199181,1,14739157,2013-01-21T22:38:03Z
2217377175,32.5519134,-96.8303526,ZargonGod,554333,1,15472069,2013-03-23T22:11:42Z
2295994033,33.1845032,-96.6286822,BigIrv,160087,1,16031583,2013-05-08T15:12:04Z
2297911152,32.9289308,-96.7658781,fmmute,506782,1,16059770,2013-05-10T07:30:00Z
2307051603,32.3475363,-97.6726509,25or6to4,37392,1,16160296,2013-05-16T23:12:39Z
2318929988,32.8684222,-96.792124,Andrew Matheny_import,4904442,2,45724755,2017-02-01T19:22:19Z
2338589626,32.8426099,-96.807716,fmmute,506782,1,16487913,2013-06-09T20:27:42Z
2357051062,33.1241503,-96.6327026,Ziltoidium,597250,1,16667574,2013-06-23T10:54:22Z
2368622876,32.8589911,-96.7815967,Andrew Matheny_import,4904442,2,45725929,2017-02-01T20:06:41Z
2393140343,32.8307431,-96.8135613,fmmute,506782,1,17052576,2013-07-22T18:37:23Z
2413711770,32.9392771,-96.5964863,RadicalBender,1709524,1,17295139,2013-08-10T19:16:44Z
2447218999,32.8188688,-96.8034911,Andrew Matheny,3265371,2,45896654,2017-02-07T20:17:12Z
2521567415,32.8037596,-96.809403,Andrew Matheny_import,4904442,2,45860925,2017-02-06T16:59:28Z
2578655413,32.6198033,-96.8633194,Rub21,510836,1,19439664,2013-12-13T20:54:04Z
2610227972,33.0782386,-96.8024531,TaedeT,57577,1,19815399,2014-01-04T23:37:10Z
2631886128,32.4926274,-97.3788345,bfg9000d,199181,1,20134274,2014-01-22T02:17:14Z
2657166474,32.944793,-96.4704988,cwchaney,1919451,1,20405895,2014-02-06T05:23:08Z
2681481036,32.2872695,-97.4040118,bfg9000d,199181,1,20666865,2014-02-20T00:25:14Z
2713361684,32.8604421,-97.0341152,bfg9000d,199181,1,21055286,2014-03-11T23:27:33Z
2778428702,32.8672748,-96.775555,bfg9000d,199181,1,21579516,2014-04-08T21:42:57Z
2822649026,32.7249181,-96.4039224,stangoodman,224610,1,22002105,2014-04-28T13:34:37Z
2874402898,33.1924321,-96.5230885,stangoodman,224610,1,22485770,2014-05-22T13:19:11Z
2895590446,32.6334868,-96.9752435,Kaiserb,2093703,1,22696900,2014-06-02T15:53:00Z
2926108266,33.0563576,-96.8030692,scottyc,496606,1,23062929,2014-06-21T14:19:46Z
2969216737,33.2333764,-97.1710999,funny_plants,1917687,1,24226294,2014-07-18T17:46:43Z
3012796072,33.1012855,-96.9411705,cbatman,26509,1,24707374,2014-08-12T18:05:32Z
3047899342,32.8177013,-97.0716848,Rub21,510836,1,25079725,2014-08-28T18:01:47Z
3070015310,32.9880959,-96.9873446,7minutesdead,2324217,1,25346451,2014-09-10T11:19:51Z
3084840501,33.3122027,-97.1754401,pureispoor,2317038,1,25523264,2014-09-18T15:41:06Z
3117387719,33.1079108,-96.8048554,cbatman,26509,1,25927821,2014-10-07T21:20:08Z
3163906289,32.7381272,-97.0124127,AgentBlue,2425490,1,26516413,2014-11-03T00:35:17Z
3184102550,33.1646684,-96.6695791,JacobT13,1712104,1,26749092,2014-11-13T05:19:56Z
3238146357,32.6922164,-97.0045382,AgentBlue,2425490,1,27511082,2014-12-16T16:32:01Z
3304446199,32.9087623,-96.5969292,jumbanho,38487,1,28331574,2015-01-22T17:08:09Z
3331206984,33.1699958,-96.8120512,Dami_Tn,2012449,1,28622404,2015-02-05T00:26:45Z
3340842181,33.1373022,-96.7705813,Dami_Tn,2012449,1,28740655,2015-02-09T23:22:38Z
3358851225,33.1907591,-96.8649401,Dami_Tn,2012449,1,28947650,2015-02-19T00:30:22Z
3370853624,33.1074394,-97.547931,RichRico,2219338,2,29078317,2015-02-24T20:50:28Z
3404825870,33.1766363,-96.5930199,The Jacobin,243543,2,49172743,2017-06-01T17:57:15Z
3427447302,33.0315107,-97.3458676,25or6to4,37392,1,29860278,2015-03-30T19:50:48Z
3461828520,33.1725125,-97.1024512,samely,2512300,1,30291154,2015-04-17T17:22:07Z
3484763719,32.9829844,-96.778391,42429,42429,1,30591977,2015-04-28T18:50:46Z
3527365196,32.9497926,-96.7656173,andrewpmk,1679,1,31272897,2015-05-19T03:26:28Z
3567583638,32.8822095,-96.8353356,RitaEnami,2907113,1,31682213,2015-06-03T04:09:39Z
3586951643,33.1449967,-96.9060678,clairehhlin,2815098,1,31885550,2015-06-11T00:07:47Z
3590839684,33.1408268,-96.757253,lemba,813769,1,31933861,2015-06-12T22:49:27Z
3590892804,33.1195836,-96.7866688,lemba,813769,1,31934062,2015-06-12T23:04:33Z
3591036963,33.177057,-96.7438181,clairehhlin,2815098,2,32040820,2015-06-18T00:32:07Z
3596978381,33.1084334,-96.8676504,Dami_Tn,2012449,1,31990354,2015-06-15T18:30:26Z
3597470841,33.1857187,-96.7775826,Dami_Tn,2012449,1,31995750,2015-06-16T00:12:22Z
3600973073,33.0176661,-96.8528815,abel801,2377377,1,32036126,2015-06-17T18:59:17Z
3605457284,32.9056699,-97.115258,dannykath,2226712,1,32078029,2015-06-19T15:39:35Z
3615510057,32.8937773,-97.0484215,Zachy_P,2149951,1,32187368,2015-06-24T16:32:23Z
3633365848,32.9395755,-96.8066361,Luis36995,1829683,1,32397933,2015-07-03T20:02:33Z
3656077170,33.0047218,-97.0366752,KristenK,1494110,1,32709673,2015-07-17T22:52:40Z
3692711027,32.6221067,-97.0113454,AgentBlue,2425490,1,33282285,2015-08-12T04:06:11Z
3708693418,32.7326373,-97.0056091,AgentBlue,2425490,1,33496339,2015-08-21T23:05:16Z
3725307437,33.1489946,-97.0813455,TheDude05,2362216,1,33738194,2015-09-01T20:29:37Z
3758360072,32.8812823,-96.764638,Andrew Matheny_import,4904442,2,45416217,2017-01-23T23:27:22Z
3778351136,33.1105543,-96.6801246,Andrew Matheny,3265371,2,51211708,2017-08-17T17:29:47Z
3802985923,33.2060272,-96.7432146,florinbadita_telenav,2959379,3,42119976,2016-09-13T09:07:58Z
3881540521,32.8887959,-97.2621424,Sarr_Cat,2859402,1,35801481,2015-12-07T09:10:00Z
3902486742,32.8454115,-96.432588,gregcrago,2063187,1,36077788,2015-12-21T05:11:42Z
3986760360,32.7740029,-96.9144561,afdreher,1110270,1,36984018,2016-02-03T19:21:01Z
4072376922,32.8914806,-97.0474211,dwh1985,3176959,1,37986553,2016-03-21T21:04:09Z
4159350351,32.8412617,-96.9989537,Greg73E,2315729,1,39016979,2016-05-01T13:31:13Z
4196009997,32.7467075,-97.3233875,RichRico,2219338,1,39438368,2016-05-19T21:54:38Z
4214708900,32.9512493,-96.7302671,Stephen214,4018842,1,39654423,2016-05-30T02:57:34Z
4224827783,32.7327575,-97.146221,Raven Vasquez,4055685,2,52057298,2017-09-15T04:51:46Z
4232153525,32.9997134,-96.8512868,Stephen214,4018842,1,39888383,2016-06-08T16:25:25Z
4236499724,33.0315469,-96.9343837,Stephen214,4018842,1,39942032,2016-06-10T21:00:58Z
4239145142,32.9783734,-96.8308325,Stephen214,4018842,1,39968549,2016-06-12T11:27:15Z
4245249607,32.9500481,-96.9069073,Stephen214,4018842,1,40050197,2016-06-15T23:55:57Z
4263573738,32.9276225,-96.8506496,Stephen214,4018842,1,40273262,2016-06-24T22:48:21Z
4291100613,33.0261148,-96.8171912,Stephen214,4018842,1,40579522,2016-07-08T17:03:12Z
4321301222,33.1046485,-96.7100722,Andrew Matheny,3265371,1,41040297,2016-07-26T15:11:43Z
4389594957,33.201412,-96.791412,gabis_telenav,2929338,1,41980977,2016-09-07T14:47:43Z
4392794640,32.7831417,-96.7895568,Stephen214,4018842,1,42013508,2016-09-08T21:51:33Z
4414041695,32.8981008,-96.7123237,Stephen214,4018842,1,42362070,2016-09-22T23:47:21Z
4415707340,33.2300678,-96.5888407,Stephen214,4018842,1,42394745,2016-09-23T22:18:22Z
4441021425,32.7307077,-97.1235848,RD1,2418762,1,42782869,2016-10-10T18:04:46Z
4458561218,32.963432,-96.8209523,Stephen214,4018842,1,43071173,2016-10-21T22:53:36Z
4461241855,32.6645755,-96.8304585,Stephen214,4018842,1,43114710,2016-10-24T05:52:52Z
4475979984,32.8779552,-96.8895732,homeslice60148,365944,1,43339109,2016-11-01T22:32:43Z
4497480077,32.8032551,-96.6402066,Stephen214,4018842,1,43590631,2016-11-12T21:40:18Z
4512270676,32.877407,-97.1362189,Stephen214,4018842,1,43824980,2016-11-20T16:01:14Z
4552531110,32.8103118,-96.7329671,afdreher,1110270,1,44375650,2016-12-13T16:09:35Z
4575011136,32.8800018,-96.6908335,mb32,2453063,1,44704313,2016-12-27T11:54:06Z
4589853372,32.7444313,-96.7556661,Andrew Matheny_import,4904442,1,44909794,2017-01-04T21:32:55Z
4591106628,32.8054093,-96.7761836,Andrew Matheny_import,4904442,1,44930082,2017-01-05T17:12:09Z
4591634559,32.8633703,-96.765304,Andrew Matheny_import,4904442,1,44939157,2017-01-05T23:18:31Z
4591751693,32.7816242,-96.7805403,Andrew Matheny_import,4904442,1,44940150,2017-01-06T00:29:40Z
4592822947,32.7971144,-96.7858821,Andrew Matheny_import,4904442,1,44956906,2017-01-06T16:14:07Z
4593625993,32.7953166,-96.7844561,Andrew Matheny_import,4904442,1,44970514,2017-01-07T00:19:57Z
4593655262,32.8054976,-96.7861407,Andrew Matheny_import,4904442,1,44970514,2017-01-07T00:39:37Z
4598790630,32.7777502,-96.7704734,Andrew Matheny_import,4904442,1,45037693,2017-01-09T21:32:00Z
4598879696,32.7669048,-96.7606217,Andrew Matheny_import,4904442,1,45038798,2017-01-09T22:30:23Z
4598943254,32.7549781,-96.755674,Andrew Matheny_import,4904442,1,45039474,2017-01-09T23:17:52Z
4599000410,32.7526311,-96.7483809,Andrew Matheny_import,4904442,1,45039905,2017-01-10T00:00:01Z
4600450946,32.7680677,-96.746166,Andrew Matheny_import,4904442,1,45061428,2017-01-10T20:47:52Z
4600463518,32.770383,-96.7507665,Andrew Matheny_import,4904442,1,45061428,2017-01-10T20:50:26Z
4600590109,32.8070893,-96.8719311,Andrew Matheny_import,4904442,1,45063491,2017-01-10T22:05:30Z
4600649827,32.8299603,-96.8560044,Andrew Matheny_import,4904442,1,45064315,2017-01-10T22:43:45Z
4600661724,32.833156,-96.8556126,Andrew Matheny_import,4904442,1,45064315,2017-01-10T22:46:18Z
4600746063,32.8847311,-96.8987995,Andrew Matheny_import,4904442,1,45064910,2017-01-10T23:23:52Z
4600787299,32.8753455,-96.8890666,Andrew Matheny_import,4904442,1,45065205,2017-01-10T23:49:43Z
4600821822,32.8207665,-96.8303252,Andrew Matheny_import,4904442,1,45065477,2017-01-11T00:30:29Z
4602040663,32.7203846,-96.6870772,Andrew Matheny_import,4904442,1,45079851,2017-01-11T16:05:45Z
4602132165,32.767551,-96.6878047,Andrew Matheny,3265371,1,45080898,2017-01-11T16:48:14Z
4602301069,33.1424125,-97.403987,calfarome,2511706,1,45083424,2017-01-11T18:32:51Z
4602614246,32.7403115,-96.8300762,Andrew Matheny_import,4904442,1,45087361,2017-01-11T21:05:00Z
4602866641,32.753557,-96.8188382,Andrew Matheny_import,4904442,1,45090063,2017-01-11T23:04:10Z
4602898627,32.7391955,-96.8182628,Andrew Matheny_import,4904442,1,45090515,2017-01-11T23:27:10Z
4603985525,32.7829397,-96.8400661,Andrew Matheny_import,4904442,1,45108598,2017-01-12T16:26:31Z
4604087437,32.7879197,-96.8495391,Andrew Matheny,3265371,1,45110180,2017-01-12T17:11:41Z
4604805585,32.7809622,-96.8558541,Andrew Matheny,3265371,1,45118911,2017-01-12T22:20:57Z
4604856512,32.7566212,-96.8311326,Andrew Matheny,3265371,1,45119641,2017-01-12T22:57:11Z
4604881982,32.7398634,-96.8013316,Andrew Matheny,3265371,1,45120030,2017-01-12T23:22:20Z
4604908824,32.7680957,-96.8448527,Andrew Matheny_import,4904442,1,45120278,2017-01-12T23:37:17Z
4604927548,32.7058282,-96.8341746,Andrew Matheny_import,4904442,1,45120471,2017-01-12T23:53:06Z
4604951294,32.7874668,-96.8690057,Andrew Matheny_import,4904442,1,45120642,2017-01-13T00:06:54Z
4604967532,32.7923262,-96.8951844,Andrew Matheny_import,4904442,1,45120801,2017-01-13T00:20:58Z
4604982455,32.7803032,-96.8987142,Andrew Matheny_import,4904442,1,45120801,2017-01-13T00:24:36Z
4605897099,32.751834,-96.6812468,Andrew Matheny_import,4904442,1,45137241,2017-01-13T15:55:43Z
4606033703,32.7232281,-96.7134765,Andrew Matheny_import,4904442,1,45139969,2017-01-13T17:08:33Z
4606073184,32.9343014,-96.9486695,Andrew Matheny_import,4904442,1,45140450,2017-01-13T17:26:40Z
4606157362,32.773379,-96.6570408,Andrew Matheny_import,4904442,1,45141257,2017-01-13T17:55:53Z
4606215946,32.7972078,-96.6886364,Andrew Matheny_import,4904442,1,45141885,2017-01-13T18:22:19Z
4606239232,32.7826421,-96.7060844,Andrew Matheny_import,4904442,1,45142135,2017-01-13T18:32:56Z
4606266017,32.7907614,-96.6919651,Andrew Matheny_import,4904442,1,45142479,2017-01-13T18:42:09Z
4606279756,32.778309,-96.6955304,Andrew Matheny_import,4904442,1,45142479,2017-01-13T18:44:49Z
4606311092,32.7721995,-96.7155541,Andrew Matheny_import,4904442,1,45142845,2017-01-13T18:56:59Z
4606328694,32.7675875,-96.7188628,Andrew Matheny_import,4904442,1,45142845,2017-01-13T18:59:39Z
4606374432,32.7745913,-96.6923484,Andrew Matheny_import,4904442,1,45143339,2017-01-13T19:11:31Z
4606415202,32.7990169,-96.7420034,Andrew Matheny_import,4904442,1,45143643,2017-01-13T19:21:59Z
4606431449,32.806761,-96.7441882,Andrew Matheny_import,4904442,1,45143643,2017-01-13T19:24:57Z
4606533318,32.8059634,-96.7507394,Andrew Matheny_import,4904442,1,45145027,2017-01-13T20:05:02Z
4606559156,32.8059466,-96.7658725,Andrew Matheny_import,4904442,1,45145351,2017-01-13T20:15:09Z
4606677043,32.8256805,-96.743225,Andrew Matheny_import,4904442,1,45147068,2017-01-13T21:00:18Z
4606701308,32.8257719,-96.7724138,Andrew Matheny_import,4904442,1,45147270,2017-01-13T21:07:47Z
4606719299,32.8189609,-96.7818404,Andrew Matheny_import,4904442,1,45147270,2017-01-13T21:10:39Z
4606744794,32.8349447,-96.7684777,Andrew Matheny_import,4904442,1,45147733,2017-01-13T21:21:43Z
4606756470,32.8222974,-96.7616537,Andrew Matheny_import,4904442,1,45147733,2017-01-13T21:24:31Z
4606791402,32.8338608,-96.7592023,Andrew Matheny_import,4904442,1,45148171,2017-01-13T21:37:15Z
4606810418,32.8208853,-96.753933,Andrew Matheny_import,4904442,1,45148171,2017-01-13T21:40:08Z
4606844831,32.839302,-96.7382805,Andrew Matheny_import,4904442,1,45148598,2017-01-13T21:51:26Z
4606859205,32.8295758,-96.7344419,Andrew Matheny_import,4904442,1,45148598,2017-01-13T21:54:07Z
4606882646,32.8167514,-96.7446437,Andrew Matheny_import,4904442,1,45148962,2017-01-13T22:04:20Z
4606894703,32.8252072,-96.7489621,Andrew Matheny_import,4904442,1,45148962,2017-01-13T22:06:54Z
4607002143,32.7635083,-96.8457565,Andrew Matheny_import,4904442,1,45150482,2017-01-13T23:20:15Z
4607013431,32.7535368,-96.8462476,Andrew Matheny_import,4904442,1,45150482,2017-01-13T23:22:40Z
4607034803,32.7422684,-96.8402569,Andrew Matheny_import,4904442,1,45150670,2017-01-13T23:36:33Z
4609926984,32.8944539,-97.5486771,br3n1,5132284,1,45192923,2017-01-15T15:25:00Z
4612049254,32.738096,-96.8456822,Andrew Matheny_import,4904442,1,45218217,2017-01-16T15:19:23Z
4612083699,32.8342786,-96.8220818,Andrew Matheny_import,4904442,1,45218595,2017-01-16T15:37:33Z
4612130315,32.8478332,-96.8291541,Andrew Matheny_import,4904442,1,45219116,2017-01-16T16:04:55Z
4612144373,32.8399971,-96.8162887,Andrew Matheny_import,4904442,1,45219116,2017-01-16T16:08:25Z
4612267260,32.8621516,-96.8154098,Andrew Matheny_import,4904442,1,45220918,2017-01-16T17:25:09Z
4612285493,32.856472,-96.8258269,Andrew Matheny_import,4904442,1,45220918,2017-01-16T17:29:14Z
4612300102,32.8529524,-96.8276873,Andrew Matheny_import,4904442,1,45220918,2017-01-16T17:34:22Z
4612372715,32.8109167,-96.7289896,Andrew Matheny_import,4904442,1,45221904,2017-01-16T18:08:30Z
4612398795,32.8022367,-96.7010982,Andrew Matheny_import,4904442,1,45222174,2017-01-16T18:20:03Z
4612416195,32.8078327,-96.7025969,Andrew Matheny_import,4904442,1,45222174,2017-01-16T18:23:06Z
4612479321,32.8073607,-96.6769239,Andrew Matheny_import,4904442,1,45223172,2017-01-16T18:54:31Z
4612494006,32.8105822,-96.695962,Andrew Matheny_import,4904442,1,45223172,2017-01-16T18:57:44Z
4612518975,32.816587,-96.7158485,Andrew Matheny_import,4904442,1,45223590,2017-01-16T19:10:13Z
4612569784,32.8202998,-96.7015011,Andrew Matheny_import,4904442,1,45224384,2017-01-16T19:36:31Z
4612584536,32.8273919,-96.7066898,Andrew Matheny_import,4904442,1,45224384,2017-01-16T19:40:12Z
4612639718,32.8497481,-96.7526511,Andrew Matheny_import,4904442,1,45225420,2017-01-16T20:13:11Z
4612675642,32.8536847,-96.7401541,Andrew Matheny_import,4904442,1,45225962,2017-01-16T20:30:35Z
4612737753,32.7491898,-96.6892511,Andrew Matheny_import,4904442,1,45226486,2017-01-16T20:49:58Z
4612755508,32.7511449,-96.6918137,Andrew Matheny_import,4904442,1,45226486,2017-01-16T20:53:31Z
4612783176,32.7453735,-96.6946971,Andrew Matheny_import,4904442,1,45226876,2017-01-16T21:05:16Z
4612807213,32.7389568,-96.7112255,Andrew Matheny_import,4904442,1,45226876,2017-01-16T21:09:24Z
4612844648,32.7234933,-96.6894235,Andrew Matheny_import,4904442,1,45227400,2017-01-16T21:24:32Z
4612946533,32.7258741,-96.7057084,Andrew Matheny_import,4904442,1,45228451,2017-01-16T22:05:41Z
4612964454,32.7136873,-96.707189,Andrew Matheny_import,4904442,1,45228451,2017-01-16T22:09:04Z
4612999713,32.7659488,-96.6598794,Andrew Matheny_import,4904442,1,45229045,2017-01-16T22:29:05Z
4613052742,32.7602421,-96.6702171,Andrew Matheny_import,4904442,1,45229982,2017-01-16T23:06:01Z
4613065317,32.7537953,-96.6803492,Andrew Matheny_import,4904442,1,45229982,2017-01-16T23:09:29Z
4613091974,32.7599518,-96.6499219,Andrew Matheny_import,4904442,1,45230278,2017-01-16T23:27:00Z
4613116709,32.7449715,-96.6809495,Andrew Matheny_import,4904442,1,45230490,2017-01-16T23:42:51Z
4613131216,32.7358001,-96.667295,Andrew Matheny_import,4904442,1,45230490,2017-01-16T23:46:09Z
4613161129,32.7503291,-96.8639018,Andrew Matheny_import,4904442,1,45230750,2017-01-17T00:08:47Z
4613182845,32.7353708,-96.8254993,Andrew Matheny_import,4904442,1,45230968,2017-01-17T00:28:24Z
4613195100,32.7228755,-96.8392435,Andrew Matheny_import,4904442,1,45230968,2017-01-17T00:31:44Z
4613213723,32.7343642,-96.8155761,Andrew Matheny_import,4904442,1,45231175,2017-01-17T00:48:49Z
4614504382,32.7482463,-96.8718897,Andrew Matheny_import,4904442,1,45248911,2017-01-17T17:50:37Z
4614599541,32.699768,-96.8220153,Andrew Matheny_import,4904442,1,45250239,2017-01-17T18:45:04Z
4614743224,32.7112058,-96.7980372,Andrew Matheny_import,4904442,1,45252356,2017-01-17T19:47:17Z
4614794297,32.8756073,-96.8815819,Andrew Matheny_import,4904442,1,45253101,2017-01-17T20:13:18Z
4616654055,32.8709443,-96.8651182,Andrew Matheny_import,4904442,1,45277166,2017-01-18T18:23:02Z
4616735043,32.8646688,-96.8754487,Andrew Matheny_import,4904442,1,45278728,2017-01-18T19:14:00Z
4616847577,32.7337287,-96.8092527,Andrew Matheny_import,4904442,1,45280165,2017-01-18T20:01:52Z
4616888382,32.7738647,-96.9079678,Andrew Matheny_import,4904442,1,45280533,2017-01-18T20:13:16Z
4616923760,32.7545922,-96.9106573,Andrew Matheny_import,4904442,1,45280713,2017-01-18T20:19:36Z
4616993662,32.7475945,-96.8835891,Andrew Matheny_import,4904442,1,45281488,2017-01-18T20:44:24Z
4617006198,32.7420279,-96.877465,Andrew Matheny_import,4904442,1,45281488,2017-01-18T20:46:52Z
4617036224,32.7139993,-96.8270487,Andrew Matheny_import,4904442,1,45281845,2017-01-18T20:57:16Z
4617073100,32.7180597,-96.8100399,Andrew Matheny_import,4904442,1,45282219,2017-01-18T21:11:01Z
4617226500,32.7096866,-96.8149543,Andrew Matheny_import,4904442,1,45284578,2017-01-18T22:50:06Z
4617330056,32.6986894,-96.8106493,Andrew Matheny_import,4904442,1,45285323,2017-01-18T23:31:12Z
4617347474,32.7157651,-96.7955839,Andrew Matheny_import,4904442,1,45285476,2017-01-18T23:43:57Z
4617365228,32.8580548,-96.8670315,Andrew Matheny_import,4904442,1,45285659,2017-01-18T23:59:41Z
4618640138,32.7331476,-96.8673342,Andrew Matheny_import,4904442,1,45301708,2017-01-19T16:28:19Z
4618899550,32.6846317,-96.8877579,Andrew Matheny_import,4904442,1,45305068,2017-01-19T18:23:22Z
4619117388,32.7035768,-96.8691522,Andrew Matheny_import,4904442,1,45308216,2017-01-19T20:02:13Z
4619299257,32.6414523,-96.8697839,Andrew Matheny_import,4904442,1,45311221,2017-01-19T21:50:49Z
4619312354,32.6544898,-96.8819312,Andrew Matheny_import,4904442,1,45311221,2017-01-19T21:53:54Z
4619366673,32.6963223,-96.7592933,Andrew Matheny_import,4904442,1,45312095,2017-01-19T22:20:26Z
4619393703,32.7399386,-96.8576912,Andrew Matheny_import,4904442,1,45312549,2017-01-19T22:38:45Z
4619420350,32.7169159,-96.8445455,Andrew Matheny_import,4904442,1,45312939,2017-01-19T22:54:59Z
4619435290,32.7255803,-96.8520503,Andrew Matheny_import,4904442,1,45312939,2017-01-19T22:57:43Z
4619454343,32.7192378,-96.8475093,Andrew Matheny_import,4904442,1,45312939,2017-01-19T23:00:31Z
4619507882,32.7273544,-96.864919,Andrew Matheny_import,4904442,1,45313302,2017-01-19T23:13:06Z
4619533254,32.7383081,-96.8733247,Andrew Matheny_import,4904442,1,45313514,2017-01-19T23:24:41Z
4619545930,32.7300676,-96.8696977,Andrew Matheny_import,4904442,1,45313514,2017-01-19T23:27:34Z
4619557359,32.7220788,-96.8728174,Andrew Matheny_import,4904442,1,45313514,2017-01-19T23:30:16Z
4619585898,32.7256769,-96.8842008,Andrew Matheny_import,4904442,1,45313895,2017-01-19T23:48:08Z
4619598979,32.7339934,-96.8890706,Andrew Matheny_import,4904442,1,45313895,2017-01-19T23:52:41Z
4619617545,32.7162575,-96.8983449,Andrew Matheny_import,4904442,1,45314113,2017-01-20T00:06:16Z
4620954562,33.0826687,-97.407665,RichRico,2219338,1,45331580,2017-01-20T16:57:31Z
4621338053,32.693131,-96.8806182,Andrew Matheny_import,4904442,1,45338377,2017-01-20T21:14:43Z
4621350433,32.7020662,-96.8585401,Andrew Matheny_import,4904442,1,45338377,2017-01-20T21:17:50Z
4621374519,32.7080777,-96.8482751,Andrew Matheny_import,4904442,1,45338845,2017-01-20T21:32:10Z
4621386780,32.689097,-96.8563793,Andrew Matheny_import,4904442,1,45338845,2017-01-20T21:34:52Z
4621444193,32.9098948,-96.8196486,Andrew Matheny_import,4904442,1,45340292,2017-01-20T22:30:34Z
4625798028,32.8104504,-96.668172,Andrew Matheny_import,4904442,1,45406087,2017-01-23T17:26:29Z
4625918833,32.8452371,-96.6375762,Andrew Matheny_import,4904442,1,45407199,2017-01-23T18:21:59Z
4626451690,32.8522408,-96.7017304,Andrew Matheny_import,4904442,1,45411056,2017-01-23T20:11:45Z
4626488626,32.8745769,-96.6904508,Andrew Matheny_import,4904442,1,45411445,2017-01-23T20:27:48Z
4626539518,32.908142,-96.723417,Andrew Matheny_import,4904442,1,45412353,2017-01-23T20:52:54Z
4626556274,32.9012642,-96.7257986,Andrew Matheny_import,4904442,1,45412353,2017-01-23T20:56:25Z
4626630786,32.9133119,-96.7184941,Andrew Matheny_import,4904442,1,45413004,2017-01-23T21:11:38Z
4626657747,32.9185967,-96.7155016,Andrew Matheny_import,4904442,1,45413004,2017-01-23T21:14:45Z
4626743151,32.9143873,-96.7479448,Andrew Matheny_import,4904442,1,45413531,2017-01-23T21:29:14Z
4627003155,32.887326,-96.7718659,Andrew Matheny_import,4904442,1,45415500,2017-01-23T22:43:32Z
4627124919,32.8770099,-96.7565874,Andrew Matheny_import,4904442,1,45416217,2017-01-23T23:25:25Z
4629533590,32.8687959,-96.757749,Andrew Matheny_import,4904442,1,45440531,2017-01-24T16:14:57Z
4629586842,32.8882926,-96.7312573,Andrew Matheny_import,4904442,1,45440955,2017-01-24T16:29:41Z
4629621955,32.9146115,-96.7592298,Andrew Matheny_import,4904442,1,45441116,2017-01-24T16:37:35Z
4629782165,32.8947323,-96.7417045,Andrew Matheny_import,4904442,1,45442527,2017-01-24T17:25:00Z
4629801612,32.8980574,-96.7482108,Andrew Matheny_import,4904442,1,45442527,2017-01-24T17:27:47Z
4629900036,32.8987967,-96.7311119,Andrew Matheny_import,4904442,1,45443551,2017-01-24T17:59:51Z
4630032161,32.8856911,-96.7421956,Andrew Matheny_import,4904442,1,45444972,2017-01-24T18:47:10Z
4630071108,32.884206,-96.7238119,Andrew Matheny_import,4904442,1,45445458,2017-01-24T18:57:38Z
4630138753,32.8582559,-96.7338703,Andrew Matheny_import,4904442,1,45446273,2017-01-24T19:19:05Z
4630168789,32.8752171,-96.7279122,Andrew Matheny_import,4904442,1,45446535,2017-01-24T19:27:02Z
4630293764,32.8887639,-96.7107444,Andrew Matheny_import,4904442,1,45448272,2017-01-24T20:15:04Z
4630311459,32.8781902,-96.7037664,Andrew Matheny_import,4904442,1,45448272,2017-01-24T20:17:55Z
4630335835,32.86881,-96.7098849,Andrew Matheny_import,4904442,1,45448787,2017-01-24T20:29:06Z
4630353030,32.8735696,-96.6977335,Andrew Matheny_import,4904442,1,45448787,2017-01-24T20:31:56Z
4630380109,32.8598301,-96.6860668,Andrew Matheny_import,4904442,1,45449313,2017-01-24T20:45:37Z
4630404627,32.8615114,-96.6810707,Andrew Matheny_import,4904442,1,45449707,2017-01-24T20:56:27Z
4630416958,32.852233,-96.6674787,Andrew Matheny_import,4904442,1,45449707,2017-01-24T20:58:58Z
4630449457,32.8540799,-96.7073134,Andrew Matheny_import,4904442,1,45450086,2017-01-24T21:10:52Z
4630463488,32.8412207,-96.7121847,Andrew Matheny_import,4904442,1,45450086,2017-01-24T21:13:35Z
4630537698,32.8408615,-96.7017913,Andrew Matheny_import,4904442,1,45450995,2017-01-24T21:36:24Z
4630590236,32.8530603,-96.6569489,Andrew Matheny_import,4904442,1,45451334,2017-01-24T21:44:26Z
4630610501,32.8468314,-96.6787271,Andrew Matheny_import,4904442,1,45451334,2017-01-24T21:47:12Z
4630663501,32.8153529,-96.681073,Andrew Matheny_import,4904442,1,45451909,2017-01-24T22:02:46Z
4630676128,32.8172485,-96.6798822,Andrew Matheny_import,4904442,1,45451909,2017-01-24T22:05:38Z
4630696373,32.8296559,-96.689268,Andrew Matheny_import,4904442,1,45452105,2017-01-24T22:12:08Z
4630714429,32.8333624,-96.6729463,Andrew Matheny_import,4904442,1,45452352,2017-01-24T22:18:49Z
4630727780,32.8234006,-96.6716754,Andrew Matheny_import,4904442,1,45452352,2017-01-24T22:21:20Z
4630754784,32.8388905,-96.6816821,Andrew Matheny_import,4904442,1,45452692,2017-01-24T22:33:49Z
4630777492,32.8353667,-96.6605472,Andrew Matheny_import,4904442,1,45452929,2017-01-24T22:41:45Z
4630804428,32.8482383,-96.6517468,Andrew Matheny_import,4904442,1,45453239,2017-01-24T22:51:54Z
4630817460,32.8370507,-96.6563944,Andrew Matheny_import,4904442,1,45453239,2017-01-24T22:54:40Z
4631430650,32.92821,-97.4842615,CartographerOfTheNorth,5187336,1,45464239,2017-01-25T06:45:24Z
4632300976,32.7452947,-96.6446335,Andrew Matheny_import,4904442,1,45479746,2017-01-25T15:40:54Z
4632318218,32.7398888,-96.6566545,Andrew Matheny_import,4904442,1,45479746,2017-01-25T15:44:15Z
4632351294,32.726167,-96.6702372,Andrew Matheny_import,4904442,1,45480494,2017-01-25T16:05:09Z
4632377462,32.6546434,-96.891901,Andrew Matheny_import,4904442,1,45480787,2017-01-25T16:15:42Z
4632396660,32.6806515,-96.8944987,Andrew Matheny_import,4904442,1,45481043,2017-01-25T16:23:13Z
4632408380,32.6666525,-96.8968227,Andrew Matheny_import,4904442,1,45481043,2017-01-25T16:25:49Z
4632436303,32.6658226,-96.9193675,Andrew Matheny_import,4904442,1,45481679,2017-01-25T16:42:33Z
4632460898,32.6788609,-96.9303668,Andrew Matheny_import,4904442,1,45482027,2017-01-25T16:50:33Z
4632888253,32.6618723,-96.8498387,Andrew Matheny_import,4904442,1,45486426,2017-01-25T18:57:49Z
4633013581,32.6441945,-96.8299038,Andrew Matheny_import,4904442,1,45487384,2017-01-25T19:25:31Z
4633347893,32.7091813,-96.7852795,Andrew Matheny_import,4904442,1,45489898,2017-01-25T20:46:08Z
4633363231,32.7154169,-96.7884999,Andrew Matheny_import,4904442,1,45489898,2017-01-25T20:50:01Z
4633392825,32.7084634,-96.7767308,Andrew Matheny_import,4904442,1,45490342,2017-01-25T21:02:02Z
4633416093,32.6964075,-96.8187799,Andrew Matheny_import,4904442,1,45490533,2017-01-25T21:09:20Z
4633430408,32.689812,-96.8127221,Andrew Matheny_import,4904442,1,45490533,2017-01-25T21:12:09Z
4633520790,32.6929475,-96.7805522,Andrew Matheny_import,4904442,1,45492331,2017-01-25T22:16:57Z
4633535767,32.7003438,-96.7655374,Andrew Matheny_import,4904442,1,45492331,2017-01-25T22:20:38Z
4633561643,32.6799135,-96.7981375,Andrew Matheny_import,4904442,1,45492886,2017-01-25T22:36:48Z
4633580727,32.6724871,-96.7988735,Andrew Matheny_import,4904442,1,45493226,2017-01-25T22:47:35Z
4633598107,32.6888399,-96.8356572,Andrew Matheny_import,4904442,1,45493477,2017-01-25T22:59:13Z
4633616856,32.6759405,-96.8346849,Andrew Matheny_import,4904442,1,45493616,2017-01-25T23:05:55Z
4633629750,32.6690046,-96.8272187,Andrew Matheny_import,4904442,1,45493720,2017-01-25T23:12:42Z
4633646653,32.6572642,-96.8115894,Andrew Matheny_import,4904442,1,45493844,2017-01-25T23:19:39Z
4633659008,32.6536333,-96.82898,Andrew Matheny_import,4904442,1,45493928,2017-01-25T23:24:39Z
4633681734,32.6616884,-96.8639473,Andrew Matheny_import,4904442,1,45494146,2017-01-25T23:35:33Z
4633694423,32.6522417,-96.8460226,Andrew Matheny_import,4904442,1,45494146,2017-01-25T23:38:02Z
4633710252,32.668092,-96.8633297,Andrew Matheny_import,4904442,1,45494258,2017-01-25T23:43:52Z
4633722706,32.681403,-96.8519283,Andrew Matheny_import,4904442,1,45494377,2017-01-25T23:49:54Z
4635057265,32.6454192,-96.7584899,Andrew Matheny_import,4904442,1,45518671,2017-01-26T16:17:15Z
4635164032,32.9276157,-96.9536333,Andrew Matheny_import,4904442,1,45520961,2017-01-26T17:28:36Z
4635243720,32.9361567,-96.9538386,Andrew Matheny_import,4904442,1,45522340,2017-01-26T18:11:22Z
4635257479,32.9398189,-96.9605788,Andrew Matheny_import,4904442,1,45522340,2017-01-26T18:13:42Z
4635280201,32.9351721,-96.9572056,Andrew Matheny_import,4904442,1,45522615,2017-01-26T18:22:20Z
4635296640,32.928846,-96.9443533,Andrew Matheny_import,4904442,1,45522615,2017-01-26T18:25:47Z
4635316993,32.8979786,-96.8782747,Andrew Matheny_import,4904442,1,45522942,2017-01-26T18:34:50Z
4635331741,32.9061351,-96.8744837,Andrew Matheny_import,4904442,1,45522942,2017-01-26T18:37:29Z
4635367315,32.8947404,-96.8720551,Andrew Matheny_import,4904442,1,45523446,2017-01-26T18:51:08Z
4635380041,32.8896664,-96.8570204,Andrew Matheny_import,4904442,1,45523446,2017-01-26T18:53:37Z
4635395181,32.8833087,-96.8673261,Andrew Matheny_import,4904442,1,45523446,2017-01-26T18:56:15Z
4635497652,32.918959,-96.8702538,Andrew Matheny_import,4904442,1,45524462,2017-01-26T19:24:07Z
4635558792,32.9216773,-96.8548711,Andrew Matheny_import,4904442,1,45524947,2017-01-26T19:33:54Z
4635571911,32.9132303,-96.846032,Andrew Matheny_import,4904442,1,45524947,2017-01-26T19:36:23Z
4635631527,32.9014339,-96.8444152,Andrew Matheny_import,4904442,1,45525507,2017-01-26T19:49:55Z
4635714754,32.8937564,-96.8525298,Andrew Matheny_import,4904442,1,45526109,2017-01-26T20:04:24Z
4635773412,32.8747743,-96.8598866,Andrew Matheny_import,4904442,1,45526615,2017-01-26T20:18:18Z
4635787208,32.8779407,-96.8576291,Andrew Matheny_import,4904442,1,45526615,2017-01-26T20:20:53Z
4635826008,32.8736699,-96.8398235,Andrew Matheny_import,4904442,1,45527171,2017-01-26T20:33:49Z
4635844644,32.8664564,-96.8388001,Andrew Matheny_import,4904442,1,45527171,2017-01-26T20:38:10Z
4635893497,32.6646928,-96.767902,Andrew Matheny_import,4904442,1,45528360,2017-01-26T20:53:34Z
4635933743,32.6620919,-96.7610156,Andrew Matheny_import,4904442,1,45529211,2017-01-26T21:09:01Z
4635947755,32.6715935,-96.746722,Andrew Matheny_import,4904442,1,45529211,2017-01-26T21:11:43Z
4636080517,32.7276626,-96.65823,Andrew Matheny_import,4904442,1,45533031,2017-01-26T22:31:55Z
4636096461,32.733727,-96.6400064,Andrew Matheny_import,4904442,1,45533031,2017-01-26T22:34:27Z
4637949052,32.9205364,-96.8138964,Andrew Matheny_import,4904442,1,45565767,2017-01-27T16:30:38Z
4638140991,32.8941644,-96.8079079,Andrew Matheny_import,4904442,1,45568750,2017-01-27T17:49:26Z
4638187459,32.9161054,-96.8352414,Andrew Matheny_import,4904442,1,45569523,2017-01-27T18:17:57Z
4638201280,32.9042797,-96.8263576,Andrew Matheny_import,4904442,1,45569523,2017-01-27T18:20:40Z
4638270125,32.9222156,-96.8018372,Andrew Matheny_import,4904442,1,45570765,2017-01-27T18:59:34Z
4638283741,32.9140581,-96.8060303,Andrew Matheny_import,4904442,1,45570765,2017-01-27T19:02:02Z
4638331762,32.9174151,-96.7876486,Andrew Matheny_import,4904442,1,45571606,2017-01-27T19:27:09Z
4638344458,32.9083093,-96.7770098,Andrew Matheny_import,4904442,1,45571606,2017-01-27T19:29:35Z
4638435336,32.8964657,-96.8011249,Andrew Matheny_import,4904442,1,45573449,2017-01-27T20:29:39Z
4638451970,32.8901516,-96.7965277,Andrew Matheny_import,4904442,1,45573449,2017-01-27T20:32:20Z
4638522134,32.8865999,-96.7979762,Andrew Matheny_import,4904442,1,45574827,2017-01-27T21:08:32Z
4638537695,32.8815291,-96.7953576,Andrew Matheny_import,4904442,1,45574827,2017-01-27T21:11:22Z
4638605640,32.9883199,-96.843438,Andrew Matheny_import,4904442,1,45576007,2017-01-27T21:54:18Z
4638618782,32.9953395,-96.8454845,Andrew Matheny_import,4904442,1,45576007,2017-01-27T21:56:47Z
4638653279,33.0083394,-96.8481339,Andrew Matheny_import,4904442,1,45576585,2017-01-27T22:18:24Z
4638666150,33.0015816,-96.8589962,Andrew Matheny_import,4904442,1,45576585,2017-01-27T22:21:07Z
4638696427,32.9924723,-96.8569489,Andrew Matheny_import,4904442,1,45577111,2017-01-27T22:45:26Z
4638716940,32.9942446,-96.8349429,Andrew Matheny_import,4904442,1,45577418,2017-01-27T22:59:04Z
4638729475,33.0100407,-96.838657,Andrew Matheny_import,4904442,1,45577418,2017-01-27T23:01:42Z
4638742916,33.0038697,-96.8346245,Andrew Matheny_import,4904442,1,45577418,2017-01-27T23:04:23Z
4638755436,32.9985933,-96.8394833,Andrew Matheny_import,4904442,1,45577418,2017-01-27T23:06:56Z
4638780481,33.0085363,-96.8245405,Andrew Matheny_import,4904442,1,45577832,2017-01-27T23:24:11Z
4638797425,32.9951596,-96.8007755,Andrew Matheny_import,4904442,1,45577991,2017-01-27T23:33:39Z
4645182002,32.974071,-96.8198947,Andrew Matheny_import,4904442,1,45661150,2017-01-30T19:08:50Z
4645469262,32.9908981,-96.7772732,Andrew Matheny_import,4904442,1,45663216,2017-01-30T20:11:52Z
4645736566,33.0095017,-96.8008433,Andrew Matheny_import,4904442,1,45665432,2017-01-30T21:09:29Z
4645754604,33.0027862,-96.8115751,Andrew Matheny_import,4904442,1,45665432,2017-01-30T21:12:52Z
4645899945,32.9935234,-96.8055372,Andrew Matheny_import,4904442,1,45666665,2017-01-30T21:50:08Z
4645997447,32.9928029,-96.8236705,Andrew Matheny_import,4904442,1,45667150,2017-01-30T22:12:13Z
4646014672,33.0009863,-96.8165131,Andrew Matheny_import,4904442,1,45667150,2017-01-30T22:15:17Z
4646170089,32.9984006,-96.7825777,Andrew Matheny_import,4904442,1,45668880,2017-01-30T23:36:40Z
4646184757,33.0026977,-96.7901386,Andrew Matheny_import,4904442,1,45668880,2017-01-30T23:40:05Z
4649163546,32.9368721,-96.8467641,Andrew Matheny_import,4904442,1,45693700,2017-01-31T18:48:34Z
4649288795,32.966075,-96.8160744,Andrew Matheny_import,4904442,1,45694749,2017-01-31T19:18:12Z
4649412347,32.9465344,-96.8210913,Andrew Matheny_import,4904442,1,45695667,2017-01-31T19:44:37Z
4649430134,32.9415389,-96.8130874,Andrew Matheny_import,4904442,1,45695667,2017-01-31T19:47:32Z
4649697492,32.936896,-96.8101021,Andrew Matheny_import,4904442,1,45697225,2017-01-31T20:40:32Z
4649857337,32.9855529,-96.8085626,Andrew Matheny_import,4904442,1,45698232,2017-01-31T21:25:12Z
4649882086,32.9720771,-96.8158091,Andrew Matheny_import,4904442,1,45698232,2017-01-31T21:28:08Z
4650086934,32.9804381,-96.789518,Andrew Matheny_import,4904442,1,45699917,2017-01-31T22:35:59Z
4650108198,32.9854311,-96.7823529,Andrew Matheny_import,4904442,1,45699917,2017-01-31T22:38:46Z
4650153790,32.9737952,-96.8004141,Andrew Matheny_import,4904442,1,45700479,2017-01-31T23:00:29Z
4650171858,32.9648566,-96.8007742,Andrew Matheny_import,4904442,1,45700479,2017-01-31T23:04:04Z
4650197767,32.9707242,-96.7891617,Andrew Matheny_import,4904442,1,45700698,2017-01-31T23:09:49Z
4650210854,32.9645333,-96.7702902,Andrew Matheny_import,4904442,1,45700698,2017-01-31T23:12:20Z
4650244869,32.952142,-96.7910415,Andrew Matheny_import,4904442,1,45700957,2017-01-31T23:20:36Z
4650259701,32.953674,-96.7702259,Andrew Matheny_import,4904442,1,45701135,2017-01-31T23:27:35Z
4650276511,32.9422003,-96.7996122,Andrew Matheny_import,4904442,1,45701299,2017-01-31T23:33:53Z
4650290895,32.9267459,-96.7951806,Andrew Matheny_import,4904442,1,45701299,2017-01-31T23:36:50Z
4652950057,32.6965635,-96.5780828,Andrew Matheny_import,4904442,1,45720198,2017-02-01T16:05:17Z
4652969022,32.6906242,-96.5663532,Andrew Matheny_import,4904442,1,45720198,2017-02-01T16:08:14Z
4653185768,32.6801354,-96.5985703,Andrew Matheny_import,4904442,1,45721563,2017-02-01T17:06:04Z
4653268380,32.7132085,-96.6438772,Andrew Matheny_import,4904442,1,45722021,2017-02-01T17:26:52Z
4653309990,32.7103719,-96.6826014,Andrew Matheny_import,4904442,1,45722284,2017-02-01T17:35:48Z
4653351315,32.6962701,-96.6741275,Andrew Matheny_import,4904442,1,45722419,2017-02-01T17:42:07Z
4653406510,32.6884705,-96.6514191,Andrew Matheny_import,4904442,1,45722821,2017-02-01T17:56:12Z
4653427733,32.6756986,-96.6164124,Andrew Matheny_import,4904442,1,45723068,2017-02-01T18:04:28Z
4653439442,32.6827012,-96.5980954,Andrew Matheny_import,4904442,1,45723068,2017-02-01T18:07:20Z
4653459850,32.6596805,-96.622043,Andrew Matheny_import,4904442,1,45723323,2017-02-01T18:16:02Z
4653479318,32.8694843,-96.8318381,Andrew Matheny_import,4904442,1,45723434,2017-02-01T18:21:41Z
4653527418,32.869805,-96.8128734,Andrew Matheny_import,4904442,1,45723732,2017-02-01T18:34:33Z
4653604064,32.8712701,-96.7828294,Andrew Matheny_import,4904442,1,45723981,2017-02-01T18:46:06Z
4653752556,32.8750482,-96.8033551,Andrew Matheny_import,4904442,1,45724755,2017-02-01T19:17:28Z
4653916799,32.8631142,-96.7836529,Andrew Matheny_import,4904442,1,45725929,2017-02-01T20:00:29Z
4653931881,32.8551678,-96.7780949,Andrew Matheny_import,4904442,1,45725929,2017-02-01T20:03:25Z
4657113803,33.058323,-97.5226772,TreyElektron,5136728,1,45754645,2017-02-02T17:50:33Z
4658061538,32.8212459,-96.7970687,Andrew Matheny_import,4904442,1,45762394,2017-02-02T22:57:40Z
4661207549,33.1418606,-97.6801551,TreyElektron,5136728,1,45792273,2017-02-03T22:20:09Z
4661351736,32.937458,-96.7752362,Andrew Matheny_import,4904442,1,45793515,2017-02-03T23:33:36Z
4661363308,32.9279316,-96.7743364,Andrew Matheny_import,4904442,1,45793544,2017-02-03T23:36:09Z
4661392511,32.9581173,-96.9587275,Andrew Matheny_import,4904442,1,45793829,2017-02-04T00:02:19Z
4661428924,32.8973366,-96.8136662,Andrew Matheny_import,4904442,1,45794177,2017-02-04T00:30:23Z
4663036267,32.4892914,-96.1274723,pyram,497849,1,45801513,2017-02-04T10:42:22Z
4669146701,32.8339413,-96.7810285,Andrew Matheny_import,4904442,1,45864252,2017-02-06T19:24:24Z
4670068393,32.8313594,-96.7928057,Andrew Matheny_import,4904442,1,45868618,2017-02-06T22:11:55Z
4670185140,32.8394278,-96.7964501,Andrew Matheny,3265371,1,45869848,2017-02-06T23:13:16Z
4672461081,32.667876,-96.9430026,Andrew Matheny,3265371,1,45893319,2017-02-07T18:36:48Z
4672579548,32.6383247,-96.9501618,Andrew Matheny,3265371,1,45894091,2017-02-07T19:03:07Z
4672625048,32.6331243,-96.9461154,Andrew Matheny,3265371,1,45894338,2017-02-07T19:11:25Z
4672731090,32.6277983,-96.9450721,Andrew Matheny,3265371,1,45895116,2017-02-07T19:32:57Z
4672783574,32.6593415,-96.9719208,Andrew Matheny,3265371,1,45895426,2017-02-07T19:41:14Z
4672986597,32.8264341,-96.8027133,Andrew Matheny,3265371,1,45897012,2017-02-07T20:26:37Z
4673232803,32.8338324,-96.8090794,Andrew Matheny,3265371,1,45899216,2017-02-07T21:50:55Z
4673330944,32.8438972,-96.8026037,Andrew Matheny,3265371,1,45899698,2017-02-07T22:15:06Z
4675196479,32.6969599,-96.9876775,Andrew Matheny,3265371,1,45925419,2017-02-08T17:59:29Z
4679207329,32.8631623,-96.7925664,Andrew Matheny,3265371,1,45985174,2017-02-10T21:49:39Z
4685395615,32.6771504,-97.4006085,Andrew Matheny_import,4904442,2,49502630,2017-06-13T14:48:30Z
4703968552,32.9925911,-96.775414,Andrew Matheny_import,4904442,1,46374438,2017-02-24T18:02:47Z
4703996090,32.9951197,-96.7860379,Andrew Matheny_import,4904442,1,46374647,2017-02-24T18:14:42Z
4704324895,32.6808389,-96.9861677,Andrew Matheny_import,4904442,1,46380138,2017-02-24T21:14:21Z
4704381624,32.7166923,-96.9895499,Andrew Matheny_import,4904442,1,46380975,2017-02-24T21:49:38Z
4704419682,32.7241393,-96.9776761,Andrew Matheny_import,4904442,1,46381238,2017-02-24T22:02:22Z
4717656494,33.2039242,-97.1536362,TreyElektron,5136728,1,46587431,2017-03-05T04:49:26Z
4734332461,32.4479433,-96.9955246,25or6to4,37392,1,46842450,2017-03-14T14:28:27Z
4740374999,33.0820282,-97.0481379,TheDude05,2362216,1,46939309,2017-03-17T19:31:12Z
4740705615,33.0944361,-97.0647725,TheDude05,2362216,1,46944025,2017-03-17T22:53:35Z
4742406583,33.093207,-97.0732092,TheDude05,2362216,1,46970922,2017-03-19T02:45:21Z
4744272653,33.0756884,-97.0519457,TheDude05,2362216,1,47000213,2017-03-20T03:29:14Z
4746187503,33.0852078,-97.079633,TheDude05,2362216,1,47028965,2017-03-21T03:28:22Z
4746263652,33.0784961,-97.0687182,TheDude05,2362216,1,47029873,2017-03-21T04:46:05Z
4747569745,33.0959591,-97.0777043,TheDude05,2362216,1,47049500,2017-03-21T19:50:32Z
4747614885,33.0874584,-97.0703233,TheDude05,2362216,1,47050098,2017-03-21T20:16:54Z
4747694845,33.0848094,-97.0575796,TheDude05,2362216,1,47051272,2017-03-21T21:00:17Z
4752061842,33.0951506,-97.0540304,TheDude05,2362216,1,47113805,2017-03-24T04:07:16Z
4755338102,33.0926613,-97.0488609,TheDude05,2362216,1,47162455,2017-03-25T20:55:08Z
4756751858,32.8045634,-97.2815705,aquapearl251,5562093,1,47183118,2017-03-26T19:13:06Z
4776024755,33.0772347,-96.861776,Stephen214,4018842,1,47461674,2017-04-05T03:32:43Z
4810374751,32.7156553,-97.6796442, ,362126,1,48043613,2017-04-22T20:16:53Z
4829444202,33.0109383,-96.6804779,Eagle1295,5452413,1,48317968,2017-05-01T20:36:06Z
4839252686,32.652691,-97.4335661,Andrew Matheny_import,4904442,2,50181081,2017-07-10T16:36:36Z
4845915738,33.1093893,-97.114561,25or6to4,37392,1,48564090,2017-05-10T14:47:04Z
4863113579,32.6462678,-97.3649373,FerSJ,6010690,1,48808388,2017-05-19T03:22:05Z
4880947269,32.9055452,-96.8964086,Stephen214,4018842,1,49035591,2017-05-28T00:41:29Z
4886540853,32.7662091,-97.3302075,Andrew Matheny_import,4904442,1,49117041,2017-05-30T22:38:27Z
4888007556,32.7326332,-97.3275093,Andrew Matheny_import,4904442,1,49139351,2017-05-31T15:18:54Z
4888561907,32.7427399,-97.302371,Andrew Matheny_import,4904442,1,49148729,2017-05-31T22:19:38Z
4888617920,32.7333826,-97.3110852,Andrew Matheny_import,4904442,1,49149967,2017-05-31T23:12:00Z
4890022010,32.7644068,-97.3072344,Andrew Matheny_import,4904442,1,49167809,2017-06-01T15:10:36Z
4890065314,32.7650265,-97.2950128,Andrew Matheny_import,4904442,1,49168612,2017-06-01T15:37:45Z
4890194732,32.7667218,-97.2513678,Andrew Matheny_import,4904442,1,49171357,2017-06-01T17:09:29Z
4890685059,32.7412934,-97.3698786,Andrew Matheny_import,4904442,1,49179294,2017-06-01T22:12:47Z
4890741082,32.7113625,-97.5202085,Andrew Matheny_import,4904442,1,49180285,2017-06-01T23:05:35Z
4892354956,32.7681883,-97.2439135,Andrew Matheny_import,4904442,1,49200384,2017-06-02T15:49:46Z
4892487518,32.7802498,-97.3129074,Andrew Matheny_import,4904442,1,49202230,2017-06-02T17:15:33Z
4892517105,32.7948856,-97.3267522,Andrew Matheny_import,4904442,1,49202723,2017-06-02T17:33:59Z
4892690416,32.7983616,-97.2974829,Andrew Matheny_import,4904442,1,49205177,2017-06-02T19:30:08Z
4892725117,32.7763181,-97.3065104,Andrew Matheny_import,4904442,1,49205655,2017-06-02T19:45:10Z
4892789016,32.7842122,-97.304693,Andrew Matheny_import,4904442,1,49206642,2017-06-02T20:23:39Z
4892900072,32.7940533,-97.3027973,Andrew Matheny_import,4904442,1,49208655,2017-06-02T21:46:20Z
4892950384,32.7743027,-97.2171261,Andrew Matheny_import,4904442,1,49209409,2017-06-02T22:42:06Z
4892975704,32.7675595,-97.2312532,Andrew Matheny_import,4904442,1,49209770,2017-06-02T23:12:50Z
4894531370,32.7570956,-97.2223548,Andrew Matheny_import,4904442,1,49231488,2017-06-04T00:24:07Z
4897688307,32.7531967,-97.2497214,Andrew Matheny_import,4904442,1,49275009,2017-06-05T15:38:02Z
4897941916,32.7391133,-97.2288257,Andrew Matheny_import,4904442,1,49280414,2017-06-05T18:12:47Z
4898043744,32.7511815,-97.2447633,Andrew Matheny_import,4904442,1,49284269,2017-06-05T18:55:44Z
4898074187,32.7320988,-97.2376543,Andrew Matheny_import,4904442,1,49284627,2017-06-05T19:08:22Z
4898137897,32.7064354,-97.3257092,Andrew Matheny_import,4904442,1,49285615,2017-06-05T19:38:09Z
4898383868,32.7122172,-97.3493583,Andrew Matheny_import,4904442,1,49289537,2017-06-05T22:24:02Z
4898761227,32.9672485,-96.8886905,UltimateRiff,5715646,1,49293854,2017-06-06T05:33:37Z
4899992522,32.717643,-97.3487607,Andrew Matheny_import,4904442,1,49310646,2017-06-06T16:27:38Z
4900093466,32.7150727,-97.37179,Andrew Matheny_import,4904442,1,49312225,2017-06-06T17:21:42Z
4900428987,32.7292574,-97.3326754,Andrew Matheny_import,4904442,1,49318387,2017-06-06T20:39:31Z
4900497965,32.7193469,-97.3388835,Andrew Matheny_import,4904442,1,49319158,2017-06-06T21:15:03Z
4900525245,32.7117227,-97.3383406,Andrew Matheny_import,4904442,1,49319438,2017-06-06T21:29:45Z
4900588796,32.7304306,-97.3036245,Andrew Matheny_import,4904442,1,49320404,2017-06-06T22:23:17Z
4902284209,32.7413114,-97.245479,Andrew Matheny_import,4904442,1,49340922,2017-06-07T16:17:55Z
4902487762,32.7331142,-97.2580993,Andrew Matheny_import,4904442,1,49343773,2017-06-07T18:10:44Z
4902547151,32.7348642,-97.265132,Andrew Matheny_import,4904442,1,49344623,2017-06-07T18:39:28Z
4902850492,32.7430251,-97.2701735,Andrew Matheny_import,4904442,1,49349191,2017-06-07T21:50:12Z
4904149448,32.7318296,-97.2747117,Andrew Matheny_import,4904442,1,49370870,2017-06-08T15:17:45Z
4904235247,32.7302891,-97.2854262,Andrew Matheny_import,4904442,1,49371609,2017-06-08T15:50:56Z
4904387730,32.7320406,-97.3798936,Andrew Matheny_import,4904442,1,49373715,2017-06-08T17:06:29Z
4904434540,32.7261216,-97.3855273,Andrew Matheny_import,4904442,1,49374153,2017-06-08T17:23:31Z
4904498574,32.7441292,-97.371374,Andrew Matheny_import,4904442,1,49375077,2017-06-08T17:53:56Z
4904534890,32.7372219,-97.3834563,Andrew Matheny_import,4904442,1,49375501,2017-06-08T18:11:07Z
4904634288,32.8084352,-97.3260931,Andrew Matheny_import,4904442,1,49377084,2017-06-08T19:08:53Z
4904662609,32.815338,-97.3294622,Andrew Matheny_import,4904442,1,49377484,2017-06-08T19:25:28Z
4904691426,32.8134354,-97.3362305,Andrew Matheny_import,4904442,1,49377832,2017-06-08T19:40:45Z
4904760244,32.8088601,-97.3543811,Andrew Matheny_import,4904442,1,49379039,2017-06-08T20:21:49Z
4904807144,32.795457,-97.3337124,Andrew Matheny_import,4904442,1,49379585,2017-06-08T20:46:14Z
4904910254,32.7725058,-97.3510909,Andrew Matheny_import,4904442,1,49381260,2017-06-08T22:05:35Z
4906294338,32.7796448,-97.3575113,Andrew Matheny_import,4904442,1,49403158,2017-06-09T17:13:12Z
4906337199,32.7849347,-97.3550198,Andrew Matheny_import,4904442,1,49403541,2017-06-09T17:33:48Z
4906372262,32.7822098,-97.3711882,Andrew Matheny_import,4904442,1,49403809,2017-06-09T17:48:06Z
4906545109,32.8642151,-97.3244595,Andrew Matheny_import,4904442,1,49406414,2017-06-09T19:49:51Z
4906718568,32.6384274,-97.3204905,Andrew Matheny_import,4904442,1,49408361,2017-06-09T21:35:10Z
4911128450,32.6896966,-97.353355,Andrew Matheny_import,4904442,1,49473827,2017-06-12T16:28:16Z
4911556493,32.6616538,-97.345524,Andrew Matheny_import,4904442,1,49481490,2017-06-12T20:55:20Z
4912997275,32.6776126,-97.3925714,Andrew Matheny_import,4904442,1,49502630,2017-06-13T14:45:53Z
4913469885,32.6664463,-97.4020515,Andrew Matheny_import,4904442,1,49509528,2017-06-13T19:13:31Z
4913555929,32.6473993,-97.3670835,Andrew Matheny_import,4904442,1,49510762,2017-06-13T20:04:46Z
4913577182,32.7365557,-97.3884338,Andrew Matheny_import,4904442,1,49510988,2017-06-13T20:15:30Z
4913760957,32.7221739,-97.4257803,Andrew Matheny_import,4904442,1,49514077,2017-06-13T22:37:41Z
4915086178,32.6930248,-97.4309808,Andrew Matheny_import,4904442,1,49533035,2017-06-14T15:27:55Z
4915151199,32.72482,-97.4602225,Andrew Matheny_import,4904442,1,49533778,2017-06-14T16:01:56Z
4915452442,32.7346211,-97.4775203,Andrew Matheny_import,4904442,1,49538613,2017-06-14T19:27:25Z
4915691816,32.7099983,-97.3132038,Andrew Matheny_import,4904442,1,49543213,2017-06-14T22:18:33Z
4917110457,32.7062213,-97.238289,Andrew Matheny_import,4904442,1,49566412,2017-06-15T15:13:50Z
4921271607,33.2606561,-96.6522425,osm_mapper_76,6081044,1,49623723,2017-06-17T21:55:26Z
4940553817,32.6839791,-97.2993408,Andrew Matheny_import,4904442,1,49891419,2017-06-28T14:38:40Z
4940645015,32.7242309,-97.2454477,Andrew Matheny_import,4904442,1,49893975,2017-06-28T15:24:09Z
4940687560,32.7048801,-97.3596428,Andrew Matheny_import,4904442,1,49895475,2017-06-28T15:54:00Z
4940728408,32.6964819,-97.3647988,Andrew Matheny_import,4904442,1,49896128,2017-06-28T16:18:11Z
4940761420,32.6895877,-97.3723964,Andrew Matheny_import,4904442,1,49896485,2017-06-28T16:31:49Z
4941150603,32.6938079,-97.3861099,Andrew Matheny_import,4904442,1,49902225,2017-06-28T20:56:11Z
4941173884,32.7237856,-97.3085444,Andrew Matheny_import,4904442,1,49902495,2017-06-28T21:09:02Z
4942299857,32.7016559,-97.3166644,Andrew Matheny_import,4904442,1,49920666,2017-06-29T14:13:40Z
4942330310,32.6998642,-97.3441797,Andrew Matheny_import,4904442,1,49920926,2017-06-29T14:25:05Z
4942498525,32.7429239,-97.3913947,Andrew Matheny_import,4904442,1,49923526,2017-06-29T16:13:40Z
4942525367,32.6964102,-97.349824,Andrew Matheny_import,4904442,1,49923743,2017-06-29T16:22:31Z
4942545253,32.6882943,-97.3527491,Andrew Matheny_import,4904442,1,49923940,2017-06-29T16:32:51Z
4942611082,32.6971512,-97.3400847,Andrew Matheny_import,4904442,1,49925057,2017-06-29T17:22:36Z
4942653771,32.6884184,-97.2349428,Andrew Matheny_import,4904442,1,49925975,2017-06-29T17:55:59Z
4942719638,32.7551521,-97.2152094,Andrew Matheny_import,4904442,1,49926914,2017-06-29T18:32:24Z
4942897096,32.6430593,-97.3685082,Andrew Matheny_import,4904442,1,49929127,2017-06-29T20:02:31Z
4942937710,32.6560596,-97.4182561,Andrew Matheny_import,4904442,1,49929551,2017-06-29T20:23:39Z
4943027181,32.62912,-97.3870792,Andrew Matheny_import,4904442,1,49930632,2017-06-29T21:21:39Z
4943045626,32.652063,-97.4149151,Andrew Matheny_import,4904442,1,49930773,2017-06-29T21:31:32Z
4943073710,32.6827985,-97.3590373,Andrew Matheny_import,4904442,1,49931137,2017-06-29T21:47:38Z
4943089866,32.6707498,-97.358333,Andrew Matheny_import,4904442,1,49931293,2017-06-29T21:56:18Z
4943111904,32.6824971,-97.340702,Andrew Matheny_import,4904442,1,49931489,2017-06-29T22:08:06Z
4943127130,32.6825344,-97.3329868,Andrew Matheny_import,4904442,1,49931601,2017-06-29T22:16:58Z
4943154355,32.6892997,-97.3392799,Andrew Matheny_import,4904442,1,49931781,2017-06-29T22:33:14Z
4944214551,32.694798,-97.3176401,Andrew Matheny_import,4904442,1,49946878,2017-06-30T15:32:55Z
4944280134,32.7273895,-97.2828985,Andrew Matheny_import,4904442,1,49947690,2017-06-30T16:07:33Z
4944308083,32.7242666,-97.2740804,Andrew Matheny_import,4904442,1,49947985,2017-06-30T16:20:41Z
4944333079,32.7251049,-97.2666115,Andrew Matheny_import,4904442,1,49948209,2017-06-30T16:33:06Z
4944355523,32.7181422,-97.2676598,Andrew Matheny_import,4904442,1,49948363,2017-06-30T16:40:53Z
4944373606,32.7162711,-97.2647902,Andrew Matheny_import,4904442,1,49948549,2017-06-30T16:50:04Z
4944810146,32.7213802,-97.2317782,Andrew Matheny_import,4904442,1,49954448,2017-06-30T21:32:03Z
4944833406,32.7236919,-97.2239571,Andrew Matheny_import,4904442,1,49954615,2017-06-30T21:42:15Z
4949064356,32.7147832,-97.2315581,Andrew Matheny_import,4904442,1,50011565,2017-07-03T14:59:51Z
4949120572,32.7553422,-97.1959366,Andrew Matheny_import,4904442,1,50012329,2017-07-03T15:39:03Z
4949194593,32.7613419,-97.1618893,Andrew Matheny_import,4904442,1,50013334,2017-07-03T16:23:07Z
4949294547,32.8080699,-97.1664666,Andrew Matheny_import,4904442,1,50014739,2017-07-03T17:27:47Z
4949336396,32.800007,-97.1891319,Andrew Matheny_import,4904442,1,50015220,2017-07-03T17:48:54Z
4949362193,32.796202,-97.1815747,Andrew Matheny_import,4904442,1,50015518,2017-07-03T18:01:35Z
4949412830,32.7731333,-97.2066811,Andrew Matheny_import,4904442,1,50015999,2017-07-03T18:21:56Z
4949441674,32.7642938,-97.1945071,Andrew Matheny_import,4904442,1,50016265,2017-07-03T18:34:26Z
4949485513,32.7683249,-97.1613585,Andrew Matheny_import,4904442,1,50016662,2017-07-03T18:54:01Z
4949591742,32.7412827,-97.1907586,Andrew Matheny_import,4904442,1,50018090,2017-07-03T19:58:03Z
4949627124,32.7536616,-97.1901155,Andrew Matheny_import,4904442,1,50018348,2017-07-03T20:10:43Z
4949666098,32.7385899,-97.207949,Andrew Matheny_import,4904442,1,50018640,2017-07-03T20:23:46Z
4949707082,32.7511752,-97.2115782,Andrew Matheny_import,4904442,1,50019033,2017-07-03T20:42:31Z
4949730612,32.7534261,-97.2075576,Andrew Matheny_import,4904442,1,50019177,2017-07-03T20:50:46Z
4949754993,32.7102084,-97.2451014,Andrew Matheny_import,4904442,1,50019459,2017-07-03T21:07:46Z
4949775563,32.6816915,-97.2607818,Andrew Matheny_import,4904442,1,50019671,2017-07-03T21:19:32Z
4949804302,32.7035431,-97.262155,Andrew Matheny_import,4904442,1,50019940,2017-07-03T21:39:19Z
4949831280,32.6980778,-97.2723915,Andrew Matheny_import,4904442,1,50020155,2017-07-03T21:53:00Z
4949848368,32.6910544,-97.2734705,Andrew Matheny_import,4904442,1,50020252,2017-07-03T22:01:17Z
4952724863,32.6832513,-97.2653959,Andrew Matheny_import,4904442,1,50060714,2017-07-05T14:29:42Z
4952746095,32.6916861,-97.2964217,Andrew Matheny_import,4904442,1,50060974,2017-07-05T14:41:59Z
4952770100,32.7111853,-97.3021611,Andrew Matheny_import,4904442,1,50061157,2017-07-05T14:51:04Z
4952812423,32.6645757,-97.3137274,Andrew Matheny_import,4904442,1,50061598,2017-07-05T15:11:42Z
4952833301,32.6842866,-97.3732098,Andrew Matheny_import,4904442,1,50061820,2017-07-05T15:22:38Z
4952898535,32.6789015,-97.3793464,Andrew Matheny_import,4904442,1,50062686,2017-07-05T16:02:49Z
4952949702,32.6855224,-97.3871713,Andrew Matheny_import,4904442,1,50063329,2017-07-05T16:35:08Z
4952999342,32.7236449,-97.4024371,Andrew Matheny_import,4904442,1,50063875,2017-07-05T16:59:11Z
4953025412,32.735293,-97.4048726,Andrew Matheny_import,4904442,1,50064211,2017-07-05T17:19:09Z
4953107552,32.7662118,-97.3741058,Andrew Matheny_import,4904442,1,50064801,2017-07-05T17:49:28Z
4953137514,32.7622935,-97.3870888,Andrew Matheny_import,4904442,1,50065004,2017-07-05T18:03:27Z
4953250482,32.7936817,-97.3906293,Andrew Matheny_import,4904442,1,50065908,2017-07-05T18:46:40Z
4953295877,32.7932958,-97.3820199,Andrew Matheny_import,4904442,1,50066317,2017-07-05T19:07:14Z
4953343893,32.7961201,-97.3646589,Andrew Matheny_import,4904442,1,50066809,2017-07-05T19:25:45Z
4953432805,32.7996606,-97.3571251,Andrew Matheny_import,4904442,1,50067360,2017-07-05T19:54:55Z
4953486535,32.8072032,-97.38165,Andrew Matheny_import,4904442,1,50067866,2017-07-05T20:17:41Z
4953516396,32.8067451,-97.3852557,Andrew Matheny_import,4904442,1,50068021,2017-07-05T20:26:23Z
4953583339,32.849188,-97.3252411,Andrew Matheny_import,4904442,1,50068685,2017-07-05T21:00:16Z
4953659732,32.8589472,-97.3280453,Andrew Matheny_import,4904442,1,50069440,2017-07-05T21:43:46Z
4953699676,32.8708828,-97.3231271,Andrew Matheny_import,4904442,1,50069838,2017-07-05T22:08:04Z
4955152587,32.721048,-97.4122567,Andrew Matheny_import,4904442,1,50088380,2017-07-06T15:55:42Z
4957439501,32.8151407,-97.4076694,Andrew Matheny_import,4904442,1,50118082,2017-07-07T20:40:39Z
4957510639,32.8428265,-97.3788821,Andrew Matheny_import,4904442,1,50118816,2017-07-07T21:22:09Z
4957550941,32.8647052,-97.2978568,Andrew Matheny_import,4904442,1,50119235,2017-07-07T21:48:03Z
4957567061,32.8669581,-97.309491,Andrew Matheny_import,4904442,1,50119373,2017-07-07T21:57:43Z
4962140632,32.6726432,-97.3944639,Andrew Matheny_import,4904442,1,50180140,2017-07-10T15:49:53Z
4962222997,32.6466219,-97.4318896,Andrew Matheny_import,4904442,1,50181081,2017-07-10T16:34:32Z
4962251905,32.6570033,-97.4411274,Andrew Matheny_import,4904442,1,50181399,2017-07-10T16:47:38Z
4962302722,32.7176612,-97.4041257,Andrew Matheny_import,4904442,1,50181938,2017-07-10T17:10:54Z
4962466722,32.6775885,-97.430646,Andrew Matheny_import,4904442,1,50184379,2017-07-10T19:01:28Z
4962500122,32.7494049,-97.4257119,Andrew Matheny_import,4904442,1,50184766,2017-07-10T19:18:01Z
4962528310,32.7336622,-97.420383,Andrew Matheny_import,4904442,1,50185057,2017-07-10T19:30:40Z
4962554204,32.7290909,-97.4271048,Andrew Matheny_import,4904442,1,50185232,2017-07-10T19:39:06Z
4962879934,32.387347,-96.8499628,GeoEvan,3733266,1,50189493,2017-07-11T00:15:51Z
4964412536,32.6444572,-97.2825163,Andrew Matheny_import,4904442,1,50209753,2017-07-11T18:55:07Z
4964452305,32.8701299,-97.2885749,Andrew Matheny_import,4904442,1,50210020,2017-07-11T19:08:24Z
4964483275,32.8874892,-97.3318333,Andrew Matheny_import,4904442,1,50210307,2017-07-11T19:21:08Z
4964586279,32.8647654,-97.2845808,Andrew Matheny_import,4904442,1,50211984,2017-07-11T20:29:06Z
4964618885,32.8621593,-97.2860958,Andrew Matheny_import,4904442,1,50212264,2017-07-11T20:42:20Z
4964654716,32.8765419,-97.2857088,Andrew Matheny_import,4904442,1,50212713,2017-07-11T21:00:09Z
4964684595,32.8827564,-97.2887023,Andrew Matheny_import,4904442,1,50212973,2017-07-11T21:11:32Z
4964708939,32.8761018,-97.2914027,Andrew Matheny_import,4904442,1,50213175,2017-07-11T21:22:01Z
4964740030,32.8852011,-97.2958775,Andrew Matheny_import,4904442,1,50213470,2017-07-11T21:38:34Z
4964773955,32.8893326,-97.2885977,Andrew Matheny_import,4904442,1,50213636,2017-07-11T21:49:28Z
4964814490,32.8717595,-97.2727165,Andrew Matheny_import,4904442,1,50214052,2017-07-11T22:17:29Z
4964844149,32.8825804,-97.2762586,Andrew Matheny_import,4904442,1,50214290,2017-07-11T22:31:35Z
4964859688,32.8860717,-97.2658843,Andrew Matheny_import,4904442,1,50214558,2017-07-11T22:40:48Z
4964885968,32.8876567,-97.2724369,Andrew Matheny_import,4904442,1,50214773,2017-07-11T22:57:01Z
4968679998,32.8967225,-97.2991433,Andrew Matheny_import,4904442,1,50261068,2017-07-13T15:11:35Z
4968754457,32.9044577,-97.2586769,Andrew Matheny_import,4904442,1,50262230,2017-07-13T16:02:45Z
4968830117,32.8997134,-97.2710082,Andrew Matheny_import,4904442,1,50263204,2017-07-13T16:54:33Z
4969306474,32.9118792,-97.327476,Andrew Matheny_import,4904442,1,50269739,2017-07-13T22:35:05Z
4971278687,32.907778,-97.2959599,Andrew Matheny_import,4904442,1,50295194,2017-07-14T22:10:55Z
4971308128,32.9129568,-97.2996378,Andrew Matheny_import,4904442,1,50295460,2017-07-14T22:34:51Z
4971328593,32.9249593,-97.3046068,Andrew Matheny_import,4904442,1,50295617,2017-07-14T22:49:25Z
4975733954,32.9224893,-97.303016,Andrew Matheny_import,4904442,1,50357211,2017-07-17T16:59:46Z
4975776280,32.9162413,-97.2934804,Andrew Matheny_import,4904442,1,50357621,2017-07-17T17:22:51Z
4975823728,32.914664,-97.2859196,Andrew Matheny_import,4904442,1,50358321,2017-07-17T17:55:17Z
4975987041,32.9468247,-97.3020644,Andrew Matheny_import,4904442,1,50360493,2017-07-17T19:20:12Z
4976086865,32.9344423,-97.280468,Andrew Matheny_import,4904442,1,50361926,2017-07-17T20:14:52Z
4976115145,32.9429829,-97.2620344,Andrew Matheny_import,4904442,1,50362332,2017-07-17T20:28:36Z
4976152186,32.949033,-97.2995609,Andrew Matheny_import,4904442,1,50362842,2017-07-17T20:49:04Z
4977783102,32.9582795,-97.2855773,Andrew Matheny_import,4904442,1,50384935,2017-07-18T17:18:25Z
4977807690,32.9491541,-97.2735117,Andrew Matheny_import,4904442,1,50385168,2017-07-18T17:30:00Z
4977846361,32.8390049,-97.3452227,RoadGeek_MD99,475877,1,50385570,2017-07-18T17:48:56Z
4977874150,32.9682609,-97.2705403,Andrew Matheny_import,4904442,1,50385820,2017-07-18T18:02:19Z
4977915041,32.9686633,-97.2665422,Andrew Matheny_import,4904442,1,50386321,2017-07-18T18:25:19Z
4978031092,32.9801789,-97.2864958,Andrew Matheny_import,4904442,1,50388029,2017-07-18T19:39:00Z
4978096684,33.0026446,-97.2604474,Andrew Matheny_import,4904442,1,50389017,2017-07-18T20:23:37Z
4978129501,33.0375258,-97.331879,Andrew Matheny_import,4904442,1,50389413,2017-07-18T20:40:19Z
4978254598,32.9290953,-97.3297364,Andrew Matheny_import,4904442,1,50391069,2017-07-18T22:19:50Z
4978271034,32.9177781,-97.3387899,Andrew Matheny_import,4904442,1,50391190,2017-07-18T22:29:42Z
4979857935,32.7135036,-97.4177001,Andrew Matheny_import,4904442,1,50409610,2017-07-19T15:38:58Z
4979883022,32.7135427,-97.4362723,Andrew Matheny_import,4904442,1,50409932,2017-07-19T15:52:56Z
4979984460,32.7142626,-97.4505596,Andrew Matheny_import,4904442,1,50410889,2017-07-19T16:36:47Z
4980057489,32.7041561,-97.4437417,Andrew Matheny_import,4904442,1,50411471,2017-07-19T17:06:15Z
4980117161,32.7200152,-97.4488745,Andrew Matheny_import,4904442,1,50412091,2017-07-19T17:33:38Z
4980174934,32.7193388,-97.4648205,Andrew Matheny_import,4904442,1,50412576,2017-07-19T17:53:45Z
4980199526,32.7044319,-97.4836563,Andrew Matheny_import,4904442,1,50412805,2017-07-19T18:04:40Z
4980529981,32.6572453,-97.3611562,Andrew Matheny_import,4904442,1,50416289,2017-07-19T20:26:01Z
4980566990,32.6652979,-97.3711081,Andrew Matheny_import,4904442,1,50416475,2017-07-19T20:35:21Z
4980605080,32.6547895,-97.3658425,Andrew Matheny_import,4904442,1,50416677,2017-07-19T20:45:15Z
4980657614,32.6626416,-97.3906163,Andrew Matheny_import,4904442,1,50417090,2017-07-19T21:00:39Z
4980692205,32.6511711,-97.3927381,Andrew Matheny_import,4904442,1,50417291,2017-07-19T21:10:06Z
4980717405,32.6457322,-97.4065627,Andrew Matheny_import,4904442,1,50417419,2017-07-19T21:16:50Z
4980762361,32.6407218,-97.383464,Andrew Matheny_import,4904442,1,50417689,2017-07-19T21:29:26Z
4980806437,32.6291993,-97.4022666,Andrew Matheny_import,4904442,1,50417934,2017-07-19T21:43:11Z
4980836664,32.6363218,-97.3973552,Andrew Matheny_import,4904442,1,50418074,2017-07-19T21:51:48Z
4980863077,32.6345007,-97.383654,Andrew Matheny_import,4904442,1,50418224,2017-07-19T21:59:39Z
4980900725,32.6298846,-97.3790604,Andrew Matheny_import,4904442,1,50418424,2017-07-19T22:12:33Z
4982981276,32.6440481,-97.3678336,Andrew Matheny_import,4904442,1,50434929,2017-07-20T14:48:40Z
4983009407,32.6382248,-97.3601517,Andrew Matheny_import,4904442,1,50435102,2017-07-20T14:57:42Z
4983044898,32.6373232,-97.3401187,Andrew Matheny_import,4904442,1,50435259,2017-07-20T15:06:31Z
4983100729,32.6380517,-97.3285202,Andrew Matheny_import,4904442,1,50435865,2017-07-20T15:33:04Z
4983171732,32.6304383,-97.3464563,Andrew Matheny_import,4904442,1,50436719,2017-07-20T16:11:49Z
4983201524,32.6262975,-97.3574218,Andrew Matheny_import,4904442,1,50437036,2017-07-20T16:23:50Z
4983238631,32.6325867,-97.3616244,Andrew Matheny_import,4904442,1,50437333,2017-07-20T16:37:21Z
4983275728,32.6199017,-97.3655746,Andrew Matheny_import,4904442,1,50437494,2017-07-20T16:46:23Z
4983411750,32.6182905,-97.3713277,Andrew Matheny_import,4904442,1,50438924,2017-07-20T18:00:26Z
4983432981,32.6246022,-97.3922893,Andrew Matheny_import,4904442,1,50439124,2017-07-20T18:12:41Z
4983452755,32.6138267,-97.3805419,Andrew Matheny_import,4904442,1,50439328,2017-07-20T18:24:35Z
4983496369,32.6066659,-97.393347,Andrew Matheny_import,4904442,1,50439861,2017-07-20T18:54:02Z
4983536200,32.6201503,-97.3972972,Andrew Matheny_import,4904442,1,50440374,2017-07-20T19:22:05Z
4983562992,32.625344,-97.3969722,Andrew Matheny_import,4904442,1,50440571,2017-07-20T19:32:09Z
4983589399,32.6183848,-97.4033573,Andrew Matheny_import,4904442,1,50440751,2017-07-20T19:41:04Z
4983636402,32.5969979,-97.3279452,Andrew Matheny_import,4904442,1,50441041,2017-07-20T19:54:22Z
4983663088,32.6007033,-97.3016603,Andrew Matheny_import,4904442,1,50441274,2017-07-20T20:05:57Z
4983719863,32.5828433,-97.3278306,Andrew Matheny_import,4904442,1,50441958,2017-07-20T20:37:10Z
4983748612,32.5557582,-97.2913917,Andrew Matheny_import,4904442,1,50442102,2017-07-20T20:46:15Z
4983868624,32.7446253,-97.4984026,Andrew Matheny_import,4904442,1,50443543,2017-07-20T22:10:45Z
4985217222,32.7618145,-97.4978228,Andrew Matheny_import,4904442,1,50462629,2017-07-21T15:59:42Z
4985780945,32.7362334,-97.5096601,Andrew Matheny_import,4904442,1,50470800,2017-07-21T22:24:00Z
4985810889,32.7539543,-97.4959541,Andrew Matheny_import,4904442,1,50470966,2017-07-21T22:39:46Z
4985839530,32.7573867,-97.5093713,Andrew Matheny_import,4904442,1,50471050,2017-07-21T22:48:50Z
4993015327,32.8870104,-97.3715204,Andrew Matheny_import,4904442,1,50564996,2017-07-25T17:31:56Z
4993086099,32.9198014,-97.3724067,Andrew Matheny_import,4904442,1,50565697,2017-07-25T17:57:58Z
4993173337,32.9670297,-97.395505,Andrew Matheny_import,4904442,1,50566887,2017-07-25T18:44:56Z
4993370344,32.9815487,-97.3874683,Andrew Matheny_import,4904442,1,50569616,2017-07-25T20:36:13Z
4993409307,32.9882981,-97.378175,Andrew Matheny_import,4904442,1,50570055,2017-07-25T20:54:52Z
4993554864,32.876486,-97.4451838,Andrew Matheny_import,4904442,1,50571653,2017-07-25T22:17:33Z
4993603619,32.8816206,-97.4420654,Andrew Matheny_import,4904442,1,50572321,2017-07-25T23:08:55Z
4995359430,32.8723151,-97.4270635,Andrew Matheny_import,4904442,1,50597376,2017-07-26T18:41:56Z
4995640230,32.8840477,-97.4122753,Andrew Matheny_import,4904442,1,50602082,2017-07-26T21:45:26Z
4996750670,32.8481756,-96.9647779,FritoKid,6352983,1,50616533,2017-07-27T11:03:26Z
4997577126,32.8619324,-97.4101838,Andrew Matheny_import,4904442,1,50623033,2017-07-27T15:26:41Z
4997615577,32.855226,-97.3941494,Andrew Matheny_import,4904442,1,50623182,2017-07-27T15:34:48Z
4997690042,32.84015,-97.4160194,Andrew Matheny_import,4904442,1,50623709,2017-07-27T15:56:35Z
4997742468,32.8320675,-97.409825,Andrew Matheny_import,4904442,1,50624059,2017-07-27T16:08:57Z
4997784572,32.8234662,-97.4174833,Andrew Matheny_import,4904442,1,50624268,2017-07-27T16:19:32Z
4997851221,32.8156618,-97.4871081,Andrew Matheny_import,4904442,1,50624719,2017-07-27T16:40:47Z
5000357013,33.0772687,-96.6871172,Andrew Matheny,3265371,1,50654450,2017-07-28T17:12:18Z
5020207414,33.0672036,-96.6629573,stangoodman,224610,1,50918168,2017-08-07T13:28:48Z
5028888353,32.7664719,-97.4247634,ma-rt-in,1431737,1,51033972,2017-08-11T14:34:57Z
5035452031,32.8206432,-97.0668988,Andrew Matheny_import,4904442,1,51122018,2017-08-14T20:42:09Z
5037811491,33.0926202,-96.6853121,Andrew Matheny,3265371,1,51154165,2017-08-15T22:36:24Z
5049629917,32.4652032,-96.8350784,GeoEvan,3733266,1,51320452,2017-08-21T21:39:41Z
5057280653,33.1999267,-96.714626,Andrew Matheny,3265371,1,51420115,2017-08-24T22:07:54Z
5092754779,32.8262275,-97.2662809,flyoversuburb,6512213,1,51890509,2017-09-09T19:56:50Z
5116920758,33.1363586,-96.853146,teodorab_telenav,6294893,1,52204932,2017-09-20T09:26:15Z
5136463757,32.9831778,-97.182025,RoadGeek_MD99,475877,1,52461803,2017-09-29T00:08:51Z
5161455228,33.2008702,-96.6445651,freebeer,429761,1,52833703,2017-10-11T18:03:38Z
5176721090,32.258873,-96.1493866,25or6to4,37392,1,53075600,2017-10-19T17:17:02Z
5202581284,33.0959211,-96.6971266,Andrew Matheny,3265371,1,53401111,2017-10-31T16:56:03Z
